# Blender 4.4.1
# www.blender.org
mtllib treestumplod1.mtl
o Object_6
v -0.352702 0.771894 0.102673
v -0.357942 0.908929 0.273144
v -0.438012 0.827848 -0.037288
v -0.424455 0.859543 0.229567
v -0.408677 0.975262 0.213507
v -0.374664 0.951380 0.248263
v -0.373729 0.931415 0.295373
v -0.375982 0.927116 0.297879
v -0.377141 0.926128 0.292434
v 0.014407 -0.688040 0.008733
v -0.257207 0.015490 -0.578297
v -0.280086 -0.433083 -0.981501
v -0.346861 -0.281648 -1.109375
v -0.232732 -0.297335 -1.164494
v -0.326824 -0.105101 -0.914645
v -0.177872 0.098670 -0.515679
v -0.151775 0.046595 -0.510519
v -0.202155 0.023654 -0.590103
v -0.260085 0.090583 -0.526685
v -0.213670 0.129611 -0.500941
v -0.211402 0.135394 -0.512431
v -0.370496 0.148180 -0.457282
v -0.179115 0.304688 -0.088802
v -0.571036 -0.372518 -0.876319
v -0.579230 -0.089264 -0.778873
v -0.508855 -0.613221 -0.652957
v -0.579506 -0.300021 -0.719545
v -0.626541 0.159587 -0.661259
v -0.385830 0.301765 -0.229306
v -0.397164 0.303296 -0.071967
v -0.375373 0.325820 0.015227
v -0.435954 0.334440 -0.023369
v -0.620371 0.219885 -0.282979
v -0.497222 0.081764 -0.029181
v -0.480116 0.559997 0.025841
v -0.691004 -0.092172 0.706827
v -0.740739 -0.151288 0.676241
v -0.702653 -0.030449 0.637574
v -0.704138 -0.006587 0.628768
v -0.620262 0.023067 0.699697
v -0.675645 -0.089730 0.716783
v -0.699045 -0.026588 0.634671
v -0.681876 -0.111287 0.727101
v -0.830004 -0.260723 0.648640
v -0.901105 -0.343199 0.780659
v -0.684905 -0.090640 0.714581
v -0.323210 0.045765 0.652375
v -0.642685 0.033430 0.660275
v -0.724086 0.055876 0.418383
v -0.145800 0.299940 -0.000461
v -0.073860 0.339360 0.160847
v 0.413858 0.298745 0.619198
v 0.534703 0.219963 0.629140
v 0.352547 0.414490 0.615185
v 0.367153 0.228316 0.669618
v 0.253586 0.264591 0.578055
v -0.087170 0.127405 0.604773
v 0.402497 0.530229 0.385919
v 0.393926 0.533444 0.395010
v 0.409349 0.520731 0.449808
v 0.389095 0.554648 0.426227
v 0.387124 0.539328 0.390519
v 0.334370 0.576478 0.508525
v -0.467560 -0.532298 0.937669
v -0.570879 -0.292527 0.924504
v -0.563216 -0.482232 0.901778
v -0.587389 -0.152614 0.802298
v -0.699012 -0.281295 0.928770
v -0.670539 -0.430021 0.831267
v -0.740751 -0.204482 0.772697
v -0.479998 -0.226420 0.896172
v -0.518064 -0.352069 1.034680
v -0.352509 -0.213155 0.944035
v -0.353561 -0.005581 0.853859
v -0.394835 0.015674 0.791132
v -0.324979 -0.303101 1.041196
v -0.262298 -0.312654 1.065439
v -0.256310 0.047152 0.813571
v -0.222129 0.027856 0.617447
v -0.188383 -0.529723 1.028768
v -0.159176 0.039185 0.858570
v -0.183499 -0.308550 1.140753
v -0.171594 -0.137834 0.930565
v -0.070338 -0.466759 1.057968
v -0.078546 -0.264301 1.061093
v -0.111785 0.036002 0.737069
v -0.007188 -0.166209 0.934798
v 0.032628 -0.488294 1.041997
v -0.043986 0.023336 0.855512
v 0.046838 -0.354131 1.127703
v 0.058134 0.034204 0.852873
v 0.110389 0.153705 0.857285
v 0.134816 -0.173977 0.994450
v 0.221277 -0.305752 1.087118
v 0.197282 -0.038529 0.902156
v 0.331791 0.115996 0.748237
v 0.376403 -0.191525 1.005369
v 0.244227 -0.386811 0.910524
v 0.273005 -0.195195 0.964285
v 0.393788 -0.365614 1.082457
v 0.400061 -0.348503 0.917797
v 0.383755 -0.076460 0.850929
v 0.406105 0.180262 0.766934
v 0.495055 -0.452468 0.899142
v 0.510559 -0.271739 0.965141
v 0.514170 0.109484 0.681084
v 0.516610 -0.133788 0.795153
v 0.520972 -0.130743 0.805562
v 0.586216 -0.275822 0.950633
v 0.512938 -0.045427 0.777712
v 0.513185 -0.109949 0.788369
v 0.522863 -0.063308 0.781866
v 0.513728 0.039421 0.765322
v 0.518156 -0.011039 0.782374
v 0.515593 0.101159 0.763972
v 0.519985 0.028843 0.771597
v 0.586079 -0.095960 0.790185
v 0.643553 -0.376293 0.858806
v 0.629214 -0.287774 0.752079
v -0.168881 0.079902 -0.845644
v -0.167769 0.047367 -0.844784
v -0.150390 0.034332 0.357974
v -0.140912 0.201306 -0.361611
v -0.159720 0.143175 -0.456903
v -0.478834 1.439732 -0.057069
v -0.440133 0.933953 -0.064883
v -0.240826 0.509420 0.190049
v -0.335737 0.528761 0.010749
v -0.286033 0.507553 0.113867
v -0.285699 0.495104 0.111680
v -0.313701 0.595477 0.092763
v -0.304424 0.545758 0.111026
v -0.325829 0.523799 0.059716
v -0.883722 -0.333552 -0.363830
v -0.325107 0.283763 0.386996
v -0.425123 0.897530 0.111066
v -0.411884 0.911165 0.071348
v -0.285697 0.918623 0.183772
v -0.390538 0.623079 0.063738
v -0.332042 0.788594 0.043198
v -0.342663 0.779380 0.092330
v 0.339440 0.551422 0.528974
v 0.340198 0.549965 0.527042
v 0.211349 0.613252 0.555624
v 0.333104 0.553512 0.535237
v 0.348308 0.523923 0.542775
v 0.334180 0.549754 0.526644
v 0.275172 0.421653 0.592937
v 0.267735 1.034395 0.310394
v 0.293024 1.023802 0.422933
v 0.297160 0.901662 0.313534
v 0.310633 0.822813 0.384481
v 0.274086 0.762510 0.481149
v 0.231868 1.064636 0.388532
v 0.241173 0.894766 0.473468
v -0.178814 0.780963 -0.307250
v -0.073428 0.016698 -0.574716
v -0.071519 0.035134 -0.504783
v -0.146919 0.128845 -0.528906
v -0.111109 0.060184 -0.462731
v -0.129903 0.095283 -0.488409
v -0.046253 0.098239 -0.577084
v -0.077467 0.082645 -0.482540
v -0.106422 0.141059 -0.495470
v 0.143723 1.090798 0.454859
v 0.112657 1.158648 0.563455
v 0.168143 1.210928 0.501463
v 0.187085 1.056796 0.509025
v -0.070169 0.061497 -0.871568
v -0.163929 0.083678 -0.815059
v 0.277539 0.083319 0.713581
v -0.231990 0.949624 -0.180870
v -0.160432 0.778411 -0.229310
v -0.093858 -0.185241 -1.097441
v 0.648201 0.057990 -0.514520
v -0.131615 -0.261146 -0.921524
v 0.544270 0.090112 -0.418927
v 0.513656 0.103192 -0.398875
v 0.590233 0.001083 -0.509049
v 0.646300 0.000689 -0.331786
v 0.136912 0.458312 0.233396
v 0.177749 0.536411 0.291368
v 0.108136 0.453021 0.225822
v -0.003866 0.583125 0.238558
v -0.070649 0.664941 0.294272
v 0.016847 0.391417 0.181780
v 0.015437 0.411655 0.257878
v -0.048119 0.602756 0.194344
v 0.106047 0.692793 -0.250314
v 0.155271 0.542086 -0.187356
v 0.036731 0.548727 -0.282133
v 0.099990 0.394330 -0.297303
v 0.001791 0.483182 -0.215068
v -0.029427 0.665972 -0.260150
v -0.116111 0.616442 -0.207433
v -0.102563 0.801298 -0.303779
v 0.160935 0.125080 -0.573692
v 0.201764 0.066840 -0.592441
v 0.096159 0.127151 -0.579156
v 0.109714 0.126832 -0.564111
v 0.100199 0.157234 -0.501677
v 0.038362 0.118426 -0.480322
v -0.038835 0.104797 -0.536065
v -0.005847 0.055200 -0.544341
v -0.053541 0.027927 -0.664120
v 0.104515 0.058229 -0.524622
v -0.028874 0.051963 -0.469202
v -0.038154 -0.401872 -0.996614
v -0.142056 0.163130 -0.489658
v -0.115792 0.190611 -0.478319
v -0.099900 0.168648 -0.441387
v -0.134724 0.177001 -0.461574
v -0.092416 0.213169 -0.432671
v -0.154536 0.165335 -0.512877
v -0.144898 0.157123 -0.469009
v 0.331496 0.169178 -0.297955
v 0.181905 0.291825 -0.416100
v 0.250305 0.272995 -0.212337
v -0.056066 0.299194 -0.402274
v -0.139336 0.151728 -0.464677
v -0.062841 0.382576 -0.353434
v 0.553405 0.213063 0.554919
v 0.545336 0.252621 0.520255
v 0.551546 0.255368 0.505802
v 0.559935 0.193443 0.499299
v 0.517075 0.242384 0.439197
v 0.380001 0.115397 -0.181464
v 0.537941 0.232599 0.473524
v 0.179553 0.176029 -0.338201
v 0.226604 0.262704 -0.389424
v 0.354806 0.095602 -0.022214
v 0.436008 0.063162 -0.117572
v 0.229648 0.335644 -0.394339
v 0.301302 0.156265 -0.529574
v 0.456955 0.121175 -0.166689
v 0.577584 0.053676 -0.050729
v 0.253039 0.299631 -0.364901
v 0.233976 0.389001 -0.443787
v 0.491861 0.106589 -0.328069
v 0.496278 0.082923 -0.160708
v -0.203745 0.853864 0.266149
v 0.220219 0.047821 -0.720716
v 0.338033 0.070326 -0.578632
v 0.258786 -0.115951 -0.947934
v 0.281325 0.468989 -0.363993
v 0.271766 0.409403 -0.349177
v 0.408214 0.285430 -0.375739
v 0.299666 0.071206 -0.643081
v 0.349905 -0.192406 -0.921576
v 0.330142 0.285471 -0.524767
v 0.301147 -0.134276 -0.953592
v 0.298582 -0.182155 -1.027895
v 0.297571 -0.160667 -1.003786
v 0.204062 0.038734 -0.834411
v 0.325155 0.043908 -0.785779
v 0.321991 -0.299534 -0.877075
v -0.010921 0.283596 -0.110242
v 0.059152 0.202943 -0.051632
v 0.211960 0.219426 -0.115290
v 0.228433 0.212301 -0.130230
v 0.273855 0.154051 -0.146074
v 0.087875 0.196305 -0.177992
v 0.142133 0.245375 -0.167428
v 0.025293 0.799145 0.559420
v -0.125073 0.764275 0.284823
v 0.076439 0.750053 0.495311
v 0.137402 0.860724 0.558691
v 0.133329 0.835271 0.342634
v 0.133504 0.937924 0.368769
v 0.001965 0.591933 -0.312050
v 0.480826 -0.329861 -1.017060
v 0.488483 0.080992 -0.616379
v 0.480354 0.213795 -0.673227
v 0.528147 -0.240671 -0.918341
v 0.474752 -0.128478 -0.790375
v 0.098000 0.496124 -0.365478
v 0.506214 -0.152982 -0.690637
v 0.465569 -0.421392 -0.875787
v -0.011372 -0.017894 -0.909651
v 0.118181 -0.201506 -1.079665
v 0.018969 -0.077779 -0.944530
v 0.041322 -0.136695 -1.025036
v -0.117183 -0.067686 -0.936058
v 0.189342 -0.382239 -0.972821
v 0.591315 0.047333 0.465247
v 0.621990 -0.381601 -0.908049
v 0.554753 0.187643 0.450550
v -0.112232 0.539397 -0.180115
v -0.137290 0.527109 -0.276914
v 0.638635 0.021518 0.340683
v -0.060354 0.069123 0.434035
v -0.083067 0.072583 0.565008
v 0.220390 -0.098562 -0.939647
v 0.147710 0.056466 -0.817277
v 0.195191 0.038286 -0.800070
v 0.174818 0.057638 -0.785999
v 0.169601 0.055220 -0.789117
v 0.155656 0.039438 -0.762214
v 0.149384 0.041272 -0.769210
v 0.133299 0.082167 -0.680512
v 0.058458 0.058901 -0.864422
v -0.028542 0.062998 -0.866031
v 0.028858 0.056696 -0.657550
v 0.044486 0.055089 -0.666916
v 0.032354 0.062947 -0.642754
v 0.193249 0.071452 0.562678
v 0.161952 0.062798 0.729975
v 0.060817 0.061555 0.645855
v 0.061966 0.025309 0.678696
v 0.120151 0.611073 0.556706
v 0.124554 0.587763 0.573010
v 0.142203 0.593172 0.583259
v 0.119709 0.575985 0.554339
v 0.134748 0.600779 0.592059
v 0.131040 0.610410 0.585271
v 0.125614 0.584613 0.575975
v 0.171730 0.528822 0.570827
v 0.124512 0.462837 0.273048
v 0.048325 0.506805 0.310792
v 0.085630 0.686089 0.330322
v 0.083254 0.561027 0.491687
v 0.129373 0.615886 0.579771
v 0.158718 0.453302 0.531949
v 0.120176 0.595510 0.573458
v 0.119054 0.578955 0.561652
v 0.124289 0.609446 0.576351
v 0.099685 0.497357 0.539006
v 0.132835 0.451928 0.559487
v 0.075781 0.612561 0.400102
v 0.006887 0.525713 0.320158
v -0.005509 0.645654 0.424855
v -0.129968 0.672041 0.377713
v 0.070513 0.098381 0.558808
v 0.159518 0.167134 0.559882
v 0.065706 0.102158 0.457487
v 0.161734 0.469340 0.173149
v 0.177897 0.240568 -0.019585
v 0.050699 0.220681 0.065063
v 0.229017 0.199227 0.023971
v 0.082450 0.448019 0.298975
v 0.079254 0.237189 0.178621
v 0.124575 0.440781 0.276946
v 0.513013 0.332804 0.538185
v 0.544620 0.192320 0.461712
v 0.440183 0.253309 0.308725
v 0.450427 0.447613 0.517722
v 0.536997 0.262632 0.553685
v 0.206134 0.380408 0.529093
v 0.108534 0.331477 0.446687
v 0.121419 0.424771 0.541632
v 0.150089 0.450054 0.533243
v -0.063331 0.263362 0.412632
v 0.156527 0.442381 0.528792
v 0.157787 0.348161 0.519826
v 0.291286 0.764989 0.242424
v 0.395354 0.514886 0.275463
v 0.232614 0.461134 0.242580
v -0.128387 0.491923 0.251734
v 0.306720 0.606724 -0.155031
v 0.001860 0.160250 0.393588
v 0.135414 0.194071 0.517148
v 0.173257 0.175117 0.540159
v 0.111931 0.422779 0.561486
v 0.099135 0.313910 0.536673
v 0.174715 0.220827 0.495907
v 0.421553 0.490209 0.337369
v 0.443324 0.426755 0.369831
v 0.478398 0.370179 0.445535
v 0.505763 0.307975 0.439632
v 0.407833 0.358696 0.273603
v 0.482694 0.352951 0.347938
v 0.459514 0.287954 0.320340
v 0.205739 0.185760 0.579983
v 0.020031 0.250525 -0.025994
v 0.047800 0.360478 0.082025
v 0.436480 0.130691 0.339444
v 0.496967 0.164474 0.394974
v -0.167902 0.685841 0.405628
v -0.127323 0.714194 0.392428
v -0.116224 0.707075 0.393501
v -0.141949 0.719197 0.401515
v -0.024062 0.667300 0.369020
v 0.656511 -0.111760 0.728126
v 0.695433 -0.056425 0.603163
v 0.576981 0.163902 0.516003
v 0.253316 -0.351950 -0.942315
v 0.196075 -0.538024 -0.775595
v 0.291756 -0.233343 -0.940104
v 0.478719 0.120863 0.270150
v 0.456710 0.236105 0.242467
v 0.525224 0.080465 0.114807
v 0.631672 0.171279 0.240751
v 0.572682 0.139716 0.165877
v 0.617894 0.046268 0.001296
v 0.614791 0.110745 0.018332
v 0.566266 0.133251 0.007702
v 0.631857 0.140423 0.028107
v 0.665681 0.114287 -0.012743
v 0.647134 0.119812 0.006131
v 0.663289 0.081977 0.082874
v 0.736918 0.158898 0.035944
v 0.636146 0.027262 -0.240430
v 0.670972 0.100431 -0.000717
v 0.640369 0.071115 -0.018383
v 0.485981 0.120489 0.156699
v 0.490584 0.094885 0.162606
v 0.412159 0.183005 0.032464
v 0.352697 0.197644 0.098034
v 0.461476 0.116487 0.119581
v 0.409881 0.160542 0.142552
v 0.491466 0.118974 0.145404
v 0.496615 0.111303 0.146991
v 0.429026 0.134011 0.053286
v 0.373251 0.398568 -0.185425
v 0.220400 0.553127 -0.145369
v 0.664242 -0.130889 -0.635497
v 0.636941 -0.214294 -0.783506
v 0.450862 0.062424 -0.683034
v 0.561778 -0.001057 -0.693498
v 0.706784 0.071557 -0.135772
v 0.600433 0.032217 -0.150908
v 0.701230 0.074825 -0.067636
v 0.603506 0.027821 -0.215481
v 0.537510 0.109299 -0.264708
v 0.645394 0.036750 -0.227342
v 0.433560 0.305175 -0.265913
v 0.477932 0.175458 -0.220550
v 0.398786 0.206919 -0.279710
v 0.381338 0.390339 -0.335205
v 0.277527 0.319674 -0.167867
v 0.211906 0.180880 -0.277753
v 0.230144 0.233998 -0.300496
v 0.328686 0.227800 -0.300699
v 0.319365 0.307747 -0.144708
v 0.393128 0.213314 -0.189048
v 0.322319 0.304790 -0.109395
v 0.139362 0.246433 -0.296688
v -0.161584 0.657981 -0.287661
v 0.278526 0.274224 -0.115167
v 0.292335 0.195061 -0.045788
v 0.274272 0.215675 -0.135842
v 0.257894 0.186647 -0.144238
v 0.256182 0.229358 -0.146657
v 0.264105 0.195629 -0.127125
v 0.299448 0.186408 -0.034850
v 0.297420 0.188560 -0.033669
v 0.290978 0.179368 -0.039598
v 0.235978 0.223411 -0.153721
v 0.274598 0.203634 -0.130425
v 0.253152 0.222667 -0.129717
v 0.294014 0.183247 -0.034334
v 0.257225 0.166594 -0.070247
v 0.214581 0.273447 -0.066375
v -0.075892 0.259280 -0.043092
v -0.124273 0.407841 -0.203094
v -0.099938 0.179998 -0.281278
v 0.293427 0.190284 -0.033576
v -0.077396 0.311962 -0.281625
v -0.151199 0.260793 -0.122703
v -0.143836 0.262567 -0.031592
v -0.149263 0.268508 -0.029660
v -0.144398 0.268527 -0.034003
v 0.494567 0.032521 -0.616105
v 0.553294 0.017287 -0.541021
v 0.524884 0.090946 -0.408275
v 0.450138 0.035101 -0.498811
v 0.515777 0.055104 -0.360339
v 0.524951 0.058802 -0.341458
v 0.444785 0.061594 -0.418566
v 0.483997 0.081235 -0.409209
v 0.560178 0.084179 -0.460139
v 0.584018 0.024913 -0.521943
v 0.441255 0.056187 -0.409782
v 0.457762 0.078370 -0.353020
v 0.444375 0.054258 -0.418507
v 0.458603 0.062425 -0.412767
v 0.504491 0.037264 -0.380058
v 0.501582 0.017245 -0.372214
v 0.573024 0.050138 -0.262493
v 0.372288 0.083612 -0.373563
v 0.305256 0.093509 -0.483865
v 0.396578 0.026379 -0.465474
v 0.142402 0.157031 -0.509585
v 0.467284 0.026383 0.294189
v 0.545377 0.029875 0.390767
v -0.083026 0.320924 0.016158
v 0.282367 0.264294 0.012213
v 0.276672 0.224709 0.068027
v 0.237195 0.299151 0.125055
v 0.324965 0.290653 0.232655
v 0.374933 0.308030 0.261475
v 0.251989 0.233703 -0.001048
v 0.295273 0.303716 0.062336
v 0.286907 0.300669 0.032406
v 0.317172 0.287692 0.108312
v 0.300429 0.244684 0.081551
v 0.279153 0.296680 0.042610
v 0.280784 0.237607 0.000087
v 0.295963 0.230836 0.093164
v 0.305777 0.292578 0.012878
v 0.372545 0.238321 0.049260
v 0.323632 0.193749 -0.000889
v 0.303777 0.301172 0.010809
v 0.414205 0.170479 0.292924
v 0.421593 0.276730 0.223929
v 0.470089 0.214879 0.195912
v -0.127890 0.040265 0.623867
v -0.154646 0.074321 0.626024
v -0.074509 0.062694 0.642662
v -0.083728 0.067231 0.618159
v 0.293273 0.115146 -0.090378
v -0.199897 0.731401 0.341280
v 0.948126 -0.468272 0.458494
v 0.973242 -0.460592 0.399928
v 0.907969 -0.544838 0.389779
v 0.738543 -0.672268 0.313421
v 0.980051 -0.302519 0.347245
v 0.957691 -0.494120 0.183771
v 1.008935 -0.324288 0.238495
v 0.961637 -0.259392 0.118489
v 0.973602 -0.423993 0.043630
v 0.951075 -0.251004 0.018778
v 0.840518 -0.035533 0.004705
v 0.792431 -0.117277 0.625376
v 0.851395 -0.161131 0.645907
v 0.850700 -0.159731 0.636575
v 0.895469 -0.297605 0.722849
v 0.826002 -0.211510 0.432135
v 0.682593 0.021307 0.406325
v 0.925719 -0.332282 0.556000
v 0.819349 -0.490160 0.468335
v 0.765460 -0.022871 0.384172
v 0.911012 -0.247053 0.427439
v 0.740147 0.065310 0.235054
v 0.679016 0.021204 0.244232
v 0.784854 -0.071980 0.375664
v 0.693105 0.132691 0.189199
v 0.772888 -0.014136 0.316924
v 0.755154 -0.021190 0.386743
v 0.842145 -0.201596 0.371456
v 0.823753 -0.152405 0.368715
v 0.832545 -0.182801 0.361067
v 0.838866 -0.163274 0.364466
v 0.854281 -0.202157 0.354899
v 0.869423 -0.214420 0.354202
v 0.871904 -0.215366 0.363756
v 0.852165 -0.195266 0.336902
v 0.859033 -0.208992 0.361566
v 0.846932 -0.194545 0.356212
v 0.859334 -0.205812 0.348491
v 0.850526 -0.184762 0.332687
v 0.762604 0.110173 0.197915
v 0.902696 -0.239213 0.265050
v 0.779356 0.054338 0.130773
v 0.780025 0.092903 0.112508
v 0.779764 0.093059 0.189789
v 0.753968 0.083508 0.199894
v 0.753145 0.087831 0.184433
v 0.788176 0.071465 0.033595
v 0.735321 0.114087 -0.003355
v 0.747840 0.134116 0.013779
v 0.729527 0.074517 0.001717
v 0.813246 0.117198 0.029382
v 0.804602 0.108424 0.047709
v 0.787979 0.095921 0.009630
v 0.812063 0.042404 0.017357
v 0.932758 -0.412078 -0.173972
v 0.867382 -0.355565 -0.147575
v 0.911311 -0.211581 -0.140238
v 0.851923 -0.138474 -0.175960
v 1.012567 -0.368707 -0.116387
v 0.879108 -0.451221 -0.143324
v 0.966889 -0.324792 -0.181494
v 0.919726 -0.498149 -0.267731
v 1.017340 -0.301930 -0.297120
v 0.903013 -0.494383 -0.406971
v 0.774940 -0.139103 0.718514
v 0.838045 -0.151699 0.668955
v 0.674258 -0.001621 0.509544
v 0.859994 -0.506674 0.523275
v 0.796511 -0.440986 0.656455
v 0.628652 -0.584569 0.509442
v 0.749599 -0.356855 0.700405
v 0.750347 0.084317 -0.063306
v 0.761483 0.065755 -0.017704
v 0.755765 0.076967 -0.043419
v 0.797269 0.035311 -0.037641
v 0.796139 0.069517 -0.098241
v 0.842420 -0.182299 -0.305331
v 0.736672 0.031578 -0.289571
v 0.691377 0.068023 -0.397890
v 0.664547 0.057218 -0.527040
v 0.819804 -0.252391 -0.549689
v 0.966044 -0.326847 -0.397104
v 0.771521 -0.315709 -0.485708
v 0.772889 -0.161311 -0.442409
v 0.967832 -0.323863 -0.476460
v 0.769306 -0.470256 -0.472417
v 0.861312 -0.410736 -0.524149
v 0.772229 -0.351532 -0.534942
v 0.787807 -0.431843 -0.485402
v 0.686245 -0.347100 -0.599271
v -0.640795 -0.307167 -0.718040
v -0.713858 -0.147933 -0.752225
v -0.739447 -0.071675 -0.629098
v -0.569239 -0.511551 -0.717657
v -0.892161 -0.156131 -0.536005
v -0.259854 0.163242 -0.511910
v -0.257517 0.167205 -0.516386
v -0.482692 0.511867 -0.099452
v -0.276840 0.392307 -0.324419
v -0.266098 0.170006 -0.515130
v -0.313961 0.310669 -0.479842
v -0.726936 -0.347626 -0.683506
v -0.574468 0.384723 -0.237148
v -0.449639 0.857572 0.087074
v -0.483294 0.833666 0.147269
v -0.480189 0.878456 0.126487
v -0.467850 0.740430 0.136306
v -0.443700 0.853142 0.085775
v -0.470130 0.812123 0.154814
v -0.472716 0.856335 0.152875
v -0.454191 0.846829 0.148939
v -0.453322 0.888382 0.160564
v -0.486650 0.871719 0.170739
v -0.337447 0.404323 -0.408073
v -0.519787 0.148932 -0.184214
v -0.615256 0.124570 -0.167639
v -0.652883 0.104060 -0.286656
v -0.554143 0.055045 -0.228286
v -0.657743 0.102937 -0.245380
v -0.585699 0.133495 -0.091737
v -0.625363 0.088007 -0.143386
v -0.639611 0.105652 -0.220220
v -0.594380 0.079180 0.010527
v -0.654145 0.087116 -0.171599
v -0.717416 0.101127 -0.275640
v -0.670103 0.055527 -0.104651
v -0.665846 0.042249 -0.106680
v -0.654382 0.022811 -0.110488
v -0.281907 0.161620 -0.489461
v -0.698574 0.022477 -0.119344
v -0.322985 0.254082 -0.477381
v -0.823289 0.017175 -0.113330
v -1.077016 -0.334706 -0.140408
v -0.868788 0.008988 0.025347
v -0.756807 0.188548 -0.540938
v -0.666687 0.167670 -0.576460
v -0.191950 0.090811 -0.844273
v -0.192022 0.065314 -0.858199
v -0.161529 0.052912 -0.765943
v -0.204210 0.058304 -0.827221
v -0.189741 0.056866 -0.833197
v -0.215585 -0.085220 -0.935731
v -0.322953 0.082648 -0.794030
v -0.311593 0.023576 -0.865096
v -0.304409 -0.010579 -0.879536
v -0.318414 0.014946 -0.855662
v -0.247008 0.057327 -0.828313
v -0.747510 0.096989 -0.393671
v -0.738686 0.111773 -0.316418
v -0.329389 0.042922 -0.841762
v -0.234923 0.035366 -0.635444
v -0.738173 0.108103 -0.309236
v -0.816939 -0.032737 -0.404680
v -0.982619 -0.352180 -0.493433
v -0.998842 -0.400941 -0.102646
v -1.003120 -0.593330 -0.148679
v -1.030686 -0.474324 -0.030468
v -1.012320 -0.250316 -0.030020
v -0.713208 0.103018 -0.288127
v -0.659053 0.075065 -0.227131
v -0.707645 0.065520 -0.318118
v -0.782267 0.098271 -0.298040
v -0.937645 -0.163851 -0.446197
v -0.258156 0.068264 0.377253
v -0.287257 0.099127 0.395475
v -0.288464 0.067834 0.462715
v -0.307568 0.058697 0.470700
v -0.319386 0.059327 0.557316
v -0.199415 0.547750 -0.159512
v -0.618937 0.107789 0.177383
v -0.349202 0.501197 -0.154893
v -0.686617 0.047325 -0.042976
v -0.362051 0.476627 -0.082480
v -0.681794 0.090203 0.295069
v -0.751589 0.073309 0.116487
v -0.747883 0.066498 0.183262
v -0.786577 0.062939 0.131095
v -0.742831 0.083083 0.267543
v -0.859087 0.002105 0.113834
v -0.784890 0.023378 0.111200
v -0.806210 0.032615 0.150461
v -0.813473 0.023667 0.167108
v -0.816640 0.023266 0.156334
v -0.864566 0.039346 0.059781
v -0.868689 0.025698 0.038660
v -0.764823 0.043120 0.255473
v -0.765737 0.034678 0.310726
v -0.778799 0.043640 0.285118
v -0.831110 0.009366 0.209372
v -0.759910 0.035681 0.278050
v -0.853185 0.008975 0.150108
v -0.779946 0.049538 0.308935
v -0.764600 0.050303 0.272703
v -0.386628 0.018616 -0.717195
v -0.513018 0.045010 -0.717512
v -0.802910 0.037949 0.340369
v -0.333296 0.607031 0.049978
v -0.385907 0.030214 -0.828403
v -0.349143 0.039764 -0.784031
v -0.405085 0.059976 -0.759810
v -0.399493 0.072837 -0.749996
v -0.402404 0.077199 -0.755850
v -0.417807 0.037945 -0.767139
v -0.499575 -0.279507 -1.019051
v -0.392622 0.052640 -0.792626
v -0.434671 0.020193 -0.621426
v -0.365179 0.401244 -0.077510
v -0.519625 0.029858 -0.593749
v -0.560947 0.030267 -0.680548
v -0.596288 -0.226663 -0.941539
v -0.438244 -0.474422 -0.956991
v -0.513134 -0.407703 -0.959922
v -0.399561 -0.235435 -0.970683
v -0.391457 -0.624026 -0.750477
v -0.572453 -0.416006 -1.006272
v -0.341026 0.402338 -0.015768
v -0.380708 0.498839 -0.386976
v -0.185747 0.138993 0.319366
v -0.190803 0.249684 0.366227
v -0.095360 0.051335 0.654648
v -0.198087 0.072052 0.604069
v -0.191220 0.067807 0.638457
v -0.359866 0.056691 -0.498911
v -0.517305 0.035556 -0.588021
v -0.512517 0.046490 -0.561474
v -0.509577 0.029558 -0.576266
v -0.464307 0.063622 -0.507406
v -0.332354 0.832020 0.337926
v -0.303333 0.851190 0.283407
v -0.479253 0.442639 0.328366
v -0.395698 0.458340 0.041380
v -0.480538 0.288773 0.199487
v -0.540352 0.278339 0.048748
v -0.611215 0.061971 0.265698
v -0.587389 0.169448 -0.089962
v -0.813251 0.036788 -0.246053
v -0.495975 0.216155 -0.138935
v -0.754018 0.114385 -0.070885
v -0.832964 0.050783 -0.145430
v -0.516636 0.437009 -0.419204
v -0.996470 -0.215117 -0.248460
v -0.817210 0.107091 -0.121853
v -0.461254 1.082796 -0.162384
v -0.965488 -0.163531 -0.176646
v -0.523596 0.315405 0.402118
v -0.389741 0.156342 0.425757
v -0.590414 0.061192 0.450245
v -0.956023 -0.347560 -0.254240
v -0.445683 1.500963 -0.108776
v -0.246237 0.174185 -0.457305
v -0.219829 0.436853 -0.302486
v -0.174178 0.152909 -0.474875
v -0.650515 0.040979 0.532258
v -0.343023 0.067006 0.454558
v -0.433246 0.051802 0.523141
v -0.323599 0.042165 0.466432
v -1.046990 -0.363978 0.470314
v -0.953215 -0.293881 0.490981
v -0.962657 -0.471569 0.356461
v -1.024818 -0.398222 0.625148
v -0.990031 -0.410019 0.631916
v -0.827859 -0.169658 0.562531
v -1.009842 -0.359885 0.686301
v -0.948148 -0.254355 0.378101
v -0.871437 -0.189031 0.514515
v -0.916478 -0.366465 0.581617
v -0.924742 -0.255965 0.605506
v -0.754723 0.048215 0.499057
v -0.743866 0.068887 0.359135
v -0.750417 0.053737 0.338041
v -0.740261 0.064661 0.350788
v -0.746581 0.066575 0.345173
v -0.745171 0.079205 0.340806
v -0.738420 0.078796 0.334507
v -0.365254 0.634979 -0.046124
v -0.359449 0.684943 -0.105460
v -0.386191 0.924498 -0.112769
v -0.324863 0.654157 -0.183753
v -0.447041 0.698524 -0.297598
v -0.348524 0.733514 -0.285548
v -0.374609 0.854393 -0.015999
v -0.243561 0.771930 -0.138971
v -0.321914 0.916635 -0.152010
v -0.297094 0.945269 -0.206494
v -0.985182 -0.566911 0.200508
v -0.832698 -0.703543 0.172197
v -1.071189 -0.356666 0.249857
v -1.065945 -0.522407 0.083491
v -1.084500 -0.430447 0.167228
v -0.976185 -0.321402 0.292606
v -1.069489 -0.305799 0.109020
v -1.169392 -0.359383 0.032432
v -0.973884 -0.194715 0.075140
v -1.001353 -0.258534 0.204603
v -0.304051 0.553795 -0.258006
v -0.306474 0.334721 -0.056659
v -0.281607 0.329889 0.004808
v -0.280645 0.262421 -0.215395
v -0.261912 0.225974 -0.226358
v -0.174900 0.221230 -0.272270
v -0.252722 0.227963 -0.188088
v -0.280909 0.289883 -0.237392
v -0.313442 0.317880 0.063798
v -0.353363 0.294328 0.119088
v -0.278394 0.444562 0.130843
v -0.360095 0.348363 0.066173
v -0.288548 0.312700 0.053177
v -0.313842 0.309238 0.055639
v -0.224503 0.310862 0.185734
v -0.237763 0.308063 0.051270
v -0.151477 0.294434 0.067612
v -0.169815 0.325752 0.011510
v -0.171483 0.302766 0.021237
v -0.172401 0.313103 -0.003533
v -0.184441 0.314853 0.016139
v -0.174708 0.318648 0.014353
v -0.522940 0.419791 -0.274317
v -0.562630 0.347902 -0.429882
v -0.368577 0.220599 -0.463701
v -0.474150 0.200140 -0.529968
v -0.413973 0.327865 -0.442459
v -0.499997 0.130979 -0.541864
v -0.475604 0.397895 -0.467901
v -0.849421 -0.503905 0.635697
v -0.956229 -0.280649 0.614473
v -0.444124 0.331785 -0.488346
vn -0.8824 -0.1278 0.4528
vn -0.1911 0.2298 -0.9543
vn 0.6529 0.6720 -0.3495
vn -0.1843 0.8639 -0.4688
vn 0.0422 0.9982 0.0435
vn -0.3641 0.9247 0.1112
vn -0.7935 0.5970 -0.1183
vn 0.8681 0.2646 0.4200
vn 0.9655 0.1517 0.2117
vn 0.9970 0.0484 0.0597
vn -0.0049 0.1936 0.9811
vn 0.4180 0.6882 0.5930
vn 0.3928 0.8248 0.4067
vn -0.7922 0.5237 0.3133
vn 0.7625 0.1818 -0.6210
vn -0.8053 0.1983 0.5587
vn -0.4757 0.4323 0.7661
vn -0.9225 0.3512 -0.1598
vn 0.1358 0.7938 0.5929
vn -0.0771 0.4882 0.8693
vn -0.5539 -0.1395 -0.8208
vn 0.0388 -0.6695 -0.7418
vn 0.0207 0.9770 0.2123
vn -0.1671 0.5945 -0.7865
vn -0.0995 0.5707 -0.8151
vn -0.1999 -0.5705 0.7966
vn -0.4316 0.2910 -0.8538
vn -0.2141 -0.1121 -0.9704
vn -0.2761 0.5268 -0.8039
vn -0.8660 0.4034 -0.2955
vn -0.8631 -0.3543 -0.3599
vn -0.8785 -0.2859 -0.3827
vn -0.0642 0.9950 0.0762
vn -0.2628 0.9292 -0.2597
vn -0.4910 0.7688 -0.4098
vn 0.4220 0.9052 -0.0510
vn 0.2051 0.2795 -0.9380
vn 0.3021 0.5868 -0.7513
vn 0.1166 0.9632 0.2420
vn 0.1505 0.4740 -0.8676
vn 0.4731 0.5416 -0.6949
vn 0.1650 0.4950 -0.8531
vn 0.0781 0.1339 -0.9879
vn -0.1819 0.6428 -0.7441
vn -0.3468 0.0490 -0.9366
vn 0.1087 -0.9389 -0.3266
vn -0.2191 0.2860 -0.9328
vn 0.2750 0.7825 -0.5586
vn -0.0530 0.3271 -0.9435
vn -0.2834 0.4791 -0.8308
vn -0.4474 0.8409 -0.3045
vn -0.5581 0.8234 0.1022
vn -0.9011 0.2679 -0.3409
vn -0.4164 0.2316 -0.8792
vn -0.7868 0.3687 -0.4950
vn -0.3747 -0.9163 -0.1414
vn 0.2388 0.7332 -0.6367
vn -0.2927 0.9013 -0.3193
vn -0.3665 -0.1611 -0.9164
vn 0.1120 -0.3342 -0.9358
vn -0.2253 0.5700 -0.7901
vn 0.6334 0.0631 -0.7713
vn -0.6171 0.0210 -0.7866
vn -0.0409 -0.4756 -0.8787
vn 0.8314 -0.1625 -0.5313
vn -0.0840 0.7031 -0.7061
vn -0.0147 0.2066 -0.9783
vn -0.2652 -0.2116 -0.9407
vn -0.4195 -0.2676 -0.8674
vn -0.3816 0.8883 0.2555
vn -0.6560 -0.6086 -0.4465
vn -0.4886 0.5442 -0.6820
vn -0.7321 0.5141 0.4468
vn -0.7919 -0.5802 0.1904
vn -0.6421 0.3219 0.6957
vn 0.2549 -0.9372 0.2382
vn -0.0099 0.9788 -0.2044
vn 0.7408 0.6484 -0.1754
vn 0.9417 -0.2396 -0.2364
vn 0.5558 0.8030 -0.2152
vn 0.7174 -0.1380 0.6828
vn 0.8352 -0.5137 -0.1965
vn 0.7153 0.2295 0.6600
vn 0.9959 0.0500 -0.0752
vn -0.9828 0.0152 0.1839
vn -0.9284 0.3379 0.1548
vn -0.9731 0.1052 -0.2050
vn 0.0368 -0.1427 0.9891
vn 0.3496 0.7790 0.5206
vn -0.1195 0.1606 0.9797
vn -0.8621 0.4395 0.2522
vn -0.6539 0.0376 0.7557
vn -0.9443 0.3037 0.1268
vn -0.5616 0.5147 0.6478
vn -0.7841 0.2000 0.5876
vn -0.7491 0.6619 -0.0275
vn -0.5495 0.7635 0.3395
vn -0.2846 -0.3118 -0.9065
vn -0.9255 0.3761 -0.0442
vn -0.7856 0.3483 0.5114
vn -0.9829 0.0577 0.1751
vn -0.9841 0.0832 -0.1568
vn -0.6635 0.5821 0.4700
vn -0.3002 0.9426 -0.1460
vn -0.8080 -0.5390 -0.2380
vn -0.7410 0.5035 0.4443
vn -0.4179 0.7062 0.5715
vn 0.8951 -0.4096 -0.1759
vn -0.4619 0.8396 0.2859
vn -0.3180 0.9442 -0.0858
vn -0.2118 0.9366 0.2792
vn -0.1291 0.7219 0.6798
vn -0.7793 -0.0464 -0.6250
vn -0.9181 0.1825 -0.3518
vn -0.8916 0.2603 0.3705
vn -0.7924 0.2493 0.5568
vn -0.7835 0.0829 0.6158
vn -0.3004 0.8319 0.4666
vn 0.0230 0.9961 0.0853
vn 0.1149 0.8846 0.4520
vn -0.0804 0.9913 0.1039
vn -0.3161 0.9267 0.2033
vn -0.4141 0.5358 0.7359
vn -0.5520 0.8256 -0.1166
vn 0.1073 0.9534 -0.2820
vn 0.3014 0.9059 -0.2975
vn -0.0918 0.9956 -0.0175
vn -0.2563 0.7139 -0.6516
vn 0.1990 0.6669 -0.7181
vn -0.1315 0.2307 -0.9641
vn 0.4768 0.8620 0.1721
vn 0.2595 0.9632 -0.0702
vn 0.8644 0.4372 0.2484
vn 0.2047 0.4145 0.8867
vn 0.6221 0.5230 0.5827
vn -0.0460 0.5896 0.8064
vn 0.4968 0.5891 0.6373
vn -0.4299 0.8879 -0.1636
vn -0.3140 0.0916 0.9450
vn -0.3857 0.2336 0.8926
vn 0.1044 0.3032 0.9472
vn 0.7710 0.5831 -0.2562
vn 0.7154 0.2309 -0.6595
vn 0.3477 0.1887 -0.9184
vn 0.9260 0.3253 -0.1914
vn 0.7558 0.5058 0.4159
vn 0.8816 0.4609 0.1020
vn 0.9711 0.1719 0.1656
vn -0.5024 -0.8522 0.1458
vn 0.8150 0.5619 0.1416
vn 0.8989 0.3685 -0.2370
vn 0.6612 0.4281 0.6160
vn 0.7790 0.5294 0.3361
vn 0.4881 0.4866 0.7246
vn 0.7056 0.2111 0.6764
vn -0.2512 0.4754 0.8432
vn 0.1134 0.1820 0.9767
vn -0.3141 -0.9493 0.0093
vn 0.3129 -0.7632 -0.5653
vn -0.5772 -0.0660 0.8139
vn -0.5975 0.1717 0.7833
vn -0.1904 0.2955 0.9362
vn 0.4485 0.4021 0.7982
vn 0.6141 0.4608 0.6408
vn -0.3600 0.6066 0.7088
vn -0.5351 -0.2759 0.7985
vn -0.0540 0.5507 0.8330
vn -0.5050 0.2002 0.8395
vn 0.4699 -0.8127 -0.3445
vn -0.1208 0.9596 0.2543
vn 0.0171 0.8187 0.5740
vn -0.0699 0.1272 0.9894
vn 0.0261 0.9946 0.1005
vn -0.2171 0.8842 0.4136
vn 0.1583 0.4826 0.8614
vn 0.8616 0.4637 0.2063
vn -0.0570 0.5986 0.7990
vn -0.7307 0.6373 0.2450
vn 0.0021 0.7856 0.6187
vn 0.9022 0.1013 -0.4192
vn -0.2765 0.7788 0.5631
vn 0.2507 -0.1112 0.9617
vn 0.5757 -0.0653 0.8151
vn -0.2460 0.8964 0.3686
vn -0.5476 0.8169 0.1808
vn 0.1172 0.4329 0.8938
vn -0.2600 0.9656 0.0057
vn 0.2891 -0.5558 0.7794
vn 0.7452 -0.5825 0.3247
vn 0.3974 0.7691 0.5006
vn 0.1122 0.9848 0.1325
vn 0.3817 0.4370 0.8144
vn -0.5523 0.8297 0.0814
vn 0.5775 -0.7858 0.2211
vn 0.4354 0.5479 0.7143
vn 0.1485 -0.8822 -0.4468
vn 0.7663 -0.3248 -0.5544
vn -0.0569 0.1409 0.9884
vn 0.5739 0.1249 0.8094
vn 0.1417 0.6033 0.7848
vn 0.4115 -0.3292 -0.8499
vn 0.0055 0.2145 0.9767
vn 0.1113 0.1986 0.9737
vn 0.5793 0.1688 0.7974
vn -0.2785 0.3313 0.9015
vn -0.4531 0.0507 0.8900
vn 0.4705 -0.2502 0.8462
vn 0.2426 -0.9405 0.2378
vn -0.0670 -0.9309 -0.3591
vn 0.5253 0.3838 0.7594
vn 0.2557 -0.9325 -0.2551
vn -0.7532 -0.5990 0.2717
vn -0.2486 -0.3910 -0.8862
vn -0.2059 0.9669 0.1507
vn -0.0223 0.9764 0.2147
vn 0.0688 0.9056 -0.4185
vn -0.2088 0.7789 0.5914
vn -0.2862 0.5276 -0.7998
vn 0.0360 -0.0366 0.9987
vn -0.2358 -0.0864 0.9679
vn -0.0056 -0.1750 0.9845
vn 0.6087 0.7910 0.0610
vn 0.4452 0.3043 0.8421
vn 0.3434 0.7717 -0.5353
vn 0.1284 0.8302 0.5424
vn 0.3228 0.8540 -0.4080
vn 0.1420 -0.9634 0.2274
vn -0.2043 0.1606 0.9656
vn -0.4555 0.5138 0.7270
vn 0.6346 0.0663 0.7700
vn 0.0556 0.9950 -0.0831
vn 0.2759 0.7448 -0.6076
vn -0.7974 0.0963 -0.5957
vn -0.2751 0.1441 0.9506
vn 0.4355 0.1675 0.8844
vn -0.6364 0.3925 -0.6640
vn 0.7131 0.6912 0.1169
vn 0.6804 0.0991 -0.7261
vn 0.3361 -0.2433 -0.9099
vn 0.7843 0.0253 -0.6198
vn 0.9736 -0.1518 0.1704
vn 0.9918 0.0321 -0.1239
vn 0.0098 -0.0805 0.9967
vn 0.6794 -0.1897 -0.7088
vn 0.7071 -0.0272 -0.7066
vn 0.8511 0.2912 -0.4369
vn 0.0225 0.2010 0.9793
vn 0.0893 0.1504 0.9846
vn 0.4084 0.7460 0.5260
vn 0.5180 0.6858 -0.5112
vn 0.2399 0.1552 0.9583
vn 0.7834 0.4375 0.4415
vn 0.4672 0.7949 0.3871
vn 0.2884 0.9161 0.2786
vn 0.2175 -0.8413 -0.4949
vn -0.0634 -0.0099 0.9979
vn 0.9048 0.3312 0.2676
vn 0.9463 0.2089 -0.2468
vn 0.2670 0.6523 -0.7094
vn -0.7532 0.2723 -0.5988
vn 0.0579 0.7764 -0.6276
vn 0.6978 0.0809 0.7117
vn 0.6431 0.0675 0.7628
vn -0.6878 0.3765 -0.6206
vn 0.3069 0.0490 0.9505
vn -0.2494 0.2002 -0.9475
vn 0.4381 0.5018 -0.7458
vn 0.1131 -0.0646 -0.9915
vn -0.1340 0.9908 -0.0180
vn -0.4667 0.8830 0.0502
vn -0.4047 0.8199 -0.4050
vn 0.5166 0.7497 -0.4135
vn -0.3922 0.8515 -0.3480
vn -0.0434 0.7472 -0.6632
vn 0.6072 0.1503 -0.7802
vn -0.2980 -0.8587 -0.4169
vn -0.0914 0.9901 -0.1061
vn 0.5134 0.4371 -0.7385
vn -0.6920 -0.7105 -0.1282
vn 0.6239 0.6319 -0.4598
vn 0.0638 0.9974 0.0344
vn -0.4267 0.5955 0.6807
vn 0.0394 0.2005 -0.9789
vn 0.8277 0.2271 -0.5131
vn -0.0451 0.7210 -0.6915
vn -0.0913 0.9092 0.4062
vn 0.4852 0.8401 0.2426
vn 0.2272 0.0096 0.9738
vn 0.6678 0.2151 0.7126
vn 0.4592 0.8408 0.2867
vn -0.0034 0.9975 0.0707
vn -0.8382 -0.4576 0.2966
vn 0.1848 0.9791 0.0854
vn -0.8317 0.1342 -0.5387
vn -0.1789 0.9838 -0.0117
vn -0.1015 -0.2422 -0.9649
vn -0.3688 0.1133 -0.9226
vn -0.1836 0.9412 0.2835
vn 0.0768 0.9176 0.3899
vn 0.2368 0.6795 -0.6944
vn 0.9477 0.1067 -0.3008
vn -0.0322 0.3248 -0.9452
vn -0.1648 0.8397 0.5174
vn 0.1079 -0.8981 0.4264
vn -0.0758 0.9349 -0.3468
vn 0.4469 0.6528 -0.6117
vn -0.2717 -0.8330 -0.4819
vn 0.5672 0.6990 -0.4355
vn -0.3520 0.2304 -0.9072
vn 0.0259 0.9673 -0.2523
vn -0.5863 0.7738 -0.2400
vn -0.0069 0.8237 -0.5669
vn -0.5300 0.6430 -0.5529
vn -0.2702 0.2297 -0.9350
vn 0.9350 -0.0841 0.3446
vn -0.2043 0.4195 -0.8845
vn 0.8732 0.4375 -0.2149
vn 0.7044 0.5283 -0.4741
vn -0.0198 0.5991 -0.8005
vn 0.5768 0.6575 -0.4848
vn 0.6598 0.4986 -0.5623
vn 0.6339 0.5152 -0.5768
vn -0.4980 -0.1178 0.8592
vn -0.7080 -0.0178 0.7060
vn 0.0090 -0.0106 0.9999
vn -0.3156 0.9430 0.1053
vn 0.5597 0.5728 0.5989
vn 0.0457 0.0994 0.9940
vn 0.7764 0.3631 0.5152
vn 0.2108 -0.2220 0.9520
vn 0.4958 0.1413 0.8569
vn 0.6943 0.0649 0.7167
vn -0.3139 0.7369 -0.5987
vn -0.1694 0.5549 -0.8145
vn -0.4105 0.3271 -0.8512
vn 0.2398 0.7987 -0.5519
vn 0.0370 0.9191 -0.3924
vn 0.1728 -0.7959 0.5802
vn -0.1297 0.8937 -0.4295
vn 0.7209 0.5589 0.4098
vn 0.9552 -0.2759 0.1069
vn 0.8924 0.4324 0.1289
vn -0.5100 0.8525 -0.1146
vn -0.1608 0.2248 -0.9611
vn -0.3198 0.9463 0.0472
vn -0.3030 0.6384 -0.7075
vn 0.0156 0.3517 -0.9360
vn 0.0777 0.4354 -0.8969
vn -0.1473 0.4350 -0.8883
vn 0.5235 0.5344 -0.6636
vn -0.7884 -0.1330 0.6007
vn -0.1625 0.3649 -0.9168
vn 0.3277 0.2453 -0.9124
vn -0.3020 0.3211 -0.8976
vn -0.1868 0.3786 -0.9065
vn -0.8556 -0.5173 0.0206
vn 0.4544 0.8087 0.3735
vn 0.4829 0.5878 0.6491
vn 0.7245 0.6471 -0.2375
vn 0.6752 0.4566 0.5793
vn 0.2604 0.8927 -0.3677
vn 0.0607 0.7087 0.7029
vn 0.7647 0.3558 0.5373
vn -0.5132 0.5045 0.6943
vn 0.9084 0.1396 -0.3941
vn 0.9453 0.2996 0.1287
vn 0.8389 0.4265 0.3380
vn 0.9537 0.2602 -0.1508
vn 0.9081 0.3877 -0.1584
vn 0.8821 0.3752 -0.2848
vn 0.5995 0.5729 -0.5589
vn 0.7728 0.1154 -0.6240
vn 0.5986 -0.2729 0.7532
vn 0.8796 0.1927 -0.4349
vn 0.1193 0.4158 -0.9016
vn 0.5700 -0.1430 -0.8091
vn -0.1573 0.5796 -0.7996
vn 0.1550 0.1693 0.9733
vn -0.1252 -0.7903 -0.5998
vn 0.9289 0.0514 -0.3668
vn -0.1413 0.6115 -0.7785
vn -0.0829 0.9501 -0.3009
vn 0.8365 -0.3267 -0.4400
vn 0.5514 -0.0480 -0.8329
vn 0.4040 0.8463 -0.3473
vn 0.2535 0.4763 0.8419
vn -0.4623 0.8867 0.0016
vn -0.0642 0.8904 0.4506
vn 0.0845 0.9949 -0.0552
vn 0.6204 0.6306 -0.4664
vn 0.7098 0.3740 0.5969
vn 0.1908 0.9740 0.1221
vn 0.7628 0.6369 -0.1113
vn 0.5806 0.4274 -0.6930
vn 0.6915 0.6822 -0.2374
vn -0.6760 0.3962 -0.6213
vn -0.0393 0.9944 -0.0984
vn 0.0274 0.9830 -0.1813
vn 0.2459 0.8028 -0.5432
vn 0.2615 0.8222 -0.5056
vn 0.0373 0.4619 -0.8861
vn 0.7223 0.1791 0.6680
vn 0.4234 0.4885 -0.7630
vn -0.5169 -0.7936 -0.3210
vn 0.2823 0.5580 -0.7803
vn 0.1407 0.2865 -0.9477
vn 0.1366 0.1849 -0.9732
vn -0.2942 -0.1066 0.9498
vn 0.8771 -0.4543 -0.1555
vn -0.5036 -0.5655 -0.6531
vn 0.6707 -0.1691 -0.7222
vn 0.9138 0.3185 -0.2519
vn 0.2147 0.9743 -0.0686
vn 0.3593 0.5608 -0.7459
vn 0.6088 0.7738 -0.1749
vn 0.1243 0.9830 -0.1353
vn 0.1655 0.8839 -0.4375
vn 0.3242 0.9428 -0.0771
vn 0.0730 0.9962 -0.0479
vn 0.4038 -0.2827 0.8701
vn -0.3800 0.9214 -0.0807
vn -0.2840 0.9403 0.1878
vn 0.5371 0.0462 -0.8422
vn -0.2516 0.9279 -0.2751
vn -0.7412 0.6607 -0.1188
vn -0.1032 0.9309 -0.3504
vn 0.0135 0.9781 0.2078
vn 0.5164 0.7388 0.4329
vn 0.7527 0.6302 -0.1905
vn 0.4536 0.5288 0.7173
vn -0.9175 0.0832 0.3890
vn -0.9177 0.0866 -0.3876
vn -0.7426 0.1994 -0.6393
vn -0.2623 0.2259 -0.9382
vn 0.9340 0.1074 -0.3407
vn -0.3664 -0.0136 -0.9303
vn 0.3887 0.7833 -0.4852
vn -0.1359 -0.4588 0.8781
vn 0.3479 0.4865 -0.8014
vn 0.3704 -0.8949 -0.2489
vn 0.6438 -0.3508 -0.6801
vn 0.0610 0.8948 -0.4422
vn 0.0883 0.7752 -0.6255
vn -0.2861 -0.5650 0.7739
vn -0.0504 0.5033 -0.8626
vn 0.2390 -0.1159 -0.9641
vn 0.5667 0.6726 -0.4759
vn 0.7421 0.6645 0.0882
vn 0.4396 0.7961 -0.4159
vn 0.3314 0.9398 0.0837
vn 0.5638 0.7365 0.3737
vn 0.1508 -0.0346 0.9880
vn 0.0328 0.9993 -0.0183
vn -0.4115 0.7953 0.4452
vn -0.2332 0.7788 0.5822
vn 0.7210 -0.4337 -0.5404
vn 0.9496 0.2910 0.1164
vn -0.1276 0.1736 0.9765
vn 0.2130 0.6565 -0.7236
vn 0.2469 0.8227 0.5120
vn 0.4969 0.8277 -0.2609
vn -0.5564 0.6992 0.4490
vn 0.1735 0.9737 0.1474
vn 0.1833 0.4677 0.8647
vn 0.1275 0.9835 0.1287
vn 0.1333 -0.9798 0.1489
vn 0.0779 0.9967 0.0213
vn -0.0852 0.9949 0.0540
vn -0.2537 0.9540 -0.1599
vn 0.2768 0.9537 0.1175
vn 0.6687 0.0948 0.7374
vn -0.3680 0.6591 0.6558
vn -0.1595 0.8617 0.4817
vn -0.2148 0.8790 0.4257
vn 0.9569 0.2304 -0.1769
vn 0.7737 0.0827 0.6282
vn 0.4251 0.4863 0.7634
vn -0.4216 0.2323 0.8765
vn -0.4348 -0.8261 0.3585
vn -0.7104 -0.0130 0.7037
vn 0.0146 0.2737 0.9617
vn -0.8693 -0.0963 0.4848
vn 0.8170 0.4926 -0.2997
vn 0.8229 0.5193 -0.2306
vn -0.6876 -0.0568 0.7239
vn 0.9592 -0.2713 -0.0791
vn -0.7197 0.6861 -0.1068
vn 0.0823 0.6005 0.7954
vn -0.9029 -0.2906 0.3169
vn 0.2007 -0.1779 0.9634
vn 0.3630 -0.1415 -0.9210
vn -0.7402 0.0573 0.6700
vn -0.9258 -0.3313 0.1823
vn 0.7403 -0.1857 -0.6461
vn -0.8986 -0.4202 -0.1261
vn -0.1518 0.0050 0.9884
vn -0.5378 -0.0712 0.8401
vn -0.5256 -0.7990 -0.2920
vn -0.4420 0.8514 0.2825
vn 0.7120 0.7019 0.0209
vn -0.6057 -0.0523 0.7940
vn -0.2201 0.0196 0.9753
vn -0.0532 0.7086 -0.7036
vn -0.2893 0.9558 0.0520
vn -0.1593 0.9769 0.1421
vn 0.1367 0.6695 -0.7301
vn 0.6564 0.7256 -0.2065
vn 0.3132 0.6703 -0.6727
vn 0.6030 0.2301 -0.7639
vn -0.3604 -0.0889 0.9285
vn -0.9347 0.2195 0.2795
vn -0.7670 0.1550 0.6227
vn 0.8920 0.4383 -0.1103
vn 0.9529 0.2301 -0.1977
vn 0.9115 -0.0431 -0.4091
vn 0.8813 0.2370 -0.4087
vn 0.5541 0.1385 -0.8208
vn 0.4670 0.7547 -0.4609
vn 0.9084 0.1937 -0.3705
vn 0.6587 0.6915 0.2965
vn 0.4583 0.2658 0.8481
vn -0.1614 -0.9864 -0.0321
vn 0.2997 -0.9477 0.1101
vn 0.2858 0.5072 0.8130
vn -0.2330 -0.5167 0.8239
vn -0.2317 -0.3895 0.8914
vn -0.2323 -0.4100 0.8820
vn 0.0676 0.6971 0.7138
vn 0.3299 0.7849 0.5245
vn 0.3281 0.5437 0.7725
vn -0.0992 0.7639 -0.6377
vn -0.8379 0.4996 -0.2198
vn 0.1969 0.9445 -0.2629
vn 0.5322 -0.2032 0.8219
vn 0.1844 0.9005 -0.3937
vn 0.7907 0.4107 -0.4541
vn 0.0116 0.9976 -0.0685
vn -0.2428 -0.5619 0.7907
vn 0.5743 0.6939 0.4344
vn 0.4538 0.8910 0.0118
vn 0.1139 -0.3633 0.9247
vn -0.0857 0.9824 -0.1658
vn 0.7667 -0.6050 0.2147
vn -0.1612 0.9671 -0.1967
vn 0.4575 0.8460 -0.2739
vn 0.8348 0.3990 0.3794
vn -0.2005 0.8433 0.4987
vn 0.5909 0.1834 0.7856
vn 0.7260 0.6856 -0.0531
vn 0.5259 0.8495 -0.0418
vn 0.6133 0.6805 -0.4009
vn 0.7004 0.7106 -0.0669
vn 0.7214 0.1465 0.6768
vn 0.2926 0.7512 -0.5917
vn -0.2037 -0.7607 -0.6163
vn 0.2523 0.6197 -0.7432
vn 0.4345 0.6779 -0.5930
vn 0.2889 0.4774 0.8298
vn 0.4809 -0.3513 -0.8033
vn 0.2188 -0.4253 -0.8782
vn -0.1250 0.9769 -0.1730
vn 0.2530 0.0727 -0.9647
vn 0.3264 0.9277 -0.1809
vn -0.3465 0.9164 0.2004
vn 0.1721 0.6844 -0.7085
vn -0.7717 -0.3039 0.5587
vn 0.7155 -0.6494 -0.2575
vn -0.7587 -0.2033 0.6189
vn 0.5808 0.2004 0.7890
vn 0.6776 0.5436 -0.4953
vn 0.4181 -0.6392 0.6454
vn -0.0432 0.4468 -0.8936
vn -0.9042 0.4254 -0.0367
vn 0.8693 -0.4816 0.1112
vn -0.3565 -0.4884 -0.7965
vn 0.9907 -0.0670 0.1180
vn -0.5708 0.8116 -0.1242
vn 0.7919 0.4525 -0.4099
vn 0.9876 0.1132 -0.1085
vn -0.2228 0.5863 -0.7789
vn 0.6304 -0.6910 -0.3537
vn 0.1129 0.5648 -0.8174
vn 0.5211 0.5694 -0.6358
vn 0.8578 0.5138 -0.0092
vn 0.4545 0.8357 -0.3081
vn -0.5845 0.7328 -0.3484
vn 0.1245 0.8560 -0.5018
vn 0.8825 0.4464 -0.1480
vn -0.0992 -0.9944 -0.0372
vn 0.3337 0.8065 -0.4880
vn -0.0025 0.9977 -0.0674
vn 0.3302 -0.8852 0.3276
vn 0.6609 0.4970 -0.5622
vn 0.2325 -0.9416 -0.2434
vn 0.2239 0.8543 -0.4691
vn 0.5824 -0.3034 -0.7541
vn -0.2892 0.0815 0.9538
vn 0.2283 0.9618 -0.1511
vn -0.7366 -0.4816 0.4749
vn 0.5294 0.2254 0.8179
vn 0.3555 0.7385 -0.5729
vn 0.3625 0.3960 -0.8437
vn 0.5218 0.8317 -0.1898
vn -0.2896 -0.5143 0.8073
vn -0.6528 0.7561 0.0467
vn 0.9433 -0.2783 0.1810
vn 0.9124 0.0642 0.4041
vn 0.6083 0.3229 0.7251
vn 0.2845 0.8966 -0.3393
vn 0.4875 0.7983 -0.3537
vn 0.4243 0.3828 0.8207
vn 0.3113 0.8627 -0.3986
vn 0.6364 0.7561 0.1528
vn -0.5208 0.8530 -0.0325
vn -0.4254 0.3450 -0.8367
vn -0.0359 0.9306 -0.3644
vn 0.5726 0.7258 0.3813
vn 0.8404 0.4829 0.2461
vn 0.5685 0.0314 -0.8221
vn 0.4380 0.7919 0.4256
vn 0.5019 -0.4428 0.7430
vn 0.4493 0.4723 0.7584
vn 0.5452 -0.3422 0.7653
vn 0.9947 -0.0117 -0.1020
vn 0.7564 0.6425 0.1229
vn 0.7417 0.5616 0.3667
vn 0.9823 0.1836 0.0371
vn -0.3776 -0.8103 0.4481
vn 0.8770 0.3808 -0.2929
vn 0.9282 0.3683 0.0525
vn 0.8920 0.4488 -0.0532
vn -0.3046 -0.9187 0.2516
vn 0.8598 0.1739 -0.4800
vn 0.6792 0.7322 -0.0512
vn 0.7841 0.6170 0.0669
vn 0.7755 -0.4134 -0.4772
vn 0.7651 0.6414 -0.0564
vn 0.6594 0.6668 0.3472
vn 0.7756 0.5844 0.2387
vn 0.6574 -0.0334 0.7528
vn 0.9285 -0.3701 0.0304
vn -0.6692 -0.6444 -0.3701
vn 0.6376 0.4472 0.6273
vn 0.6949 0.6797 0.2347
vn 0.1119 0.1613 -0.9805
vn -0.8213 -0.4887 -0.2941
vn 0.5398 -0.2036 0.8168
vn -0.8048 -0.5058 0.3106
vn 0.7751 0.4585 0.4348
vn -0.0293 0.5445 0.8383
vn 0.4567 0.4602 -0.7613
vn -0.7190 0.6758 -0.1624
vn 0.3906 0.7560 0.5253
vn 0.6724 0.1226 0.7300
vn -0.6577 -0.2914 -0.6946
vn 0.7632 -0.5420 -0.3516
vn 0.6454 0.5285 -0.5515
vn -0.9276 -0.3190 0.1943
vn 0.7943 -0.3997 -0.4576
vn 0.4513 0.6863 0.5704
vn -0.3344 -0.8573 0.3914
vn -0.4908 -0.8620 0.1266
vn -0.6142 0.3679 -0.6981
vn 0.2789 0.0848 0.9566
vn -0.3615 0.7674 0.5295
vn 0.5658 0.8102 0.1531
vn 0.2603 0.6098 -0.7486
vn 0.5937 0.7927 -0.1383
vn 0.5700 0.7601 -0.3121
vn 0.1023 -0.2606 0.9600
vn 0.7957 0.6037 0.0496
vn 0.5889 0.2346 -0.7734
vn 0.7697 -0.6165 0.1657
vn -0.4509 -0.8904 -0.0615
vn 0.9973 0.0265 -0.0681
vn -0.1424 -0.9726 -0.1841
vn 0.3437 -0.9204 -0.1865
vn 0.9096 0.2955 -0.2921
vn -0.7547 -0.5951 0.2762
vn 0.2960 -0.9303 -0.2166
vn 0.9581 -0.0101 -0.2861
vn 0.8796 0.3828 -0.2823
vn 0.0895 -0.9956 0.0275
vn 0.8941 0.0689 0.4425
vn 0.7675 0.4670 0.4392
vn 0.8989 -0.1971 -0.3914
vn 0.8656 0.4600 -0.1980
vn 0.9473 -0.2099 -0.2419
vn -0.8340 0.5466 -0.0748
vn 0.1032 -0.9692 0.2235
vn 0.8636 0.4889 -0.1228
vn 0.8122 0.2074 -0.5452
vn 0.7927 0.0841 -0.6038
vn 0.2672 -0.3109 -0.9121
vn 0.7988 -0.5862 -0.1351
vn -0.9725 0.2215 -0.0726
vn 0.3482 -0.9261 -0.1453
vn 0.9148 -0.3732 -0.1542
vn -0.7560 0.3677 0.5415
vn -0.6915 0.5684 -0.4458
vn -0.7006 -0.6849 -0.2001
vn 0.4920 0.2317 -0.8392
vn -0.7207 0.0054 -0.6932
vn -0.8409 0.5316 -0.1017
vn 0.4177 0.4882 -0.7663
vn 0.2981 0.3516 -0.8874
vn 0.0093 -0.1606 -0.9870
vn 0.5429 0.4455 -0.7118
vn -0.0806 -0.0924 -0.9925
vn -0.3513 0.9099 0.2207
vn -0.8831 0.3864 -0.2662
vn -0.9659 0.0093 -0.2586
vn 0.5663 0.8010 -0.1944
vn 0.8295 0.5542 0.0691
vn 0.8177 -0.5434 -0.1900
vn -0.9855 -0.1137 -0.1256
vn -0.7229 0.4315 0.5396
vn -0.6662 -0.3274 0.6701
vn -0.2719 -0.5514 0.7887
vn -0.3126 0.9188 0.2409
vn -0.7352 0.6765 0.0431
vn -0.1664 0.9218 0.3502
vn -0.1022 0.9236 0.3696
vn 0.3379 0.9367 0.0915
vn 0.8651 0.4698 0.1755
vn -0.4030 0.9045 0.1397
vn -0.3718 -0.1927 -0.9081
vn -0.6245 0.7770 0.0786
vn -0.2178 0.8313 0.5114
vn -0.1878 0.9787 0.0831
vn 0.3551 0.2597 -0.8980
vn -0.5296 0.8305 0.1727
vn -0.6404 0.7468 -0.1792
vn 0.1135 0.5603 -0.8205
vn -0.2062 0.1277 0.9701
vn -0.3349 0.8756 0.3481
vn -0.9991 0.0179 0.0382
vn -0.9621 -0.2094 0.1745
vn -0.4870 0.8459 -0.2174
vn -0.6337 0.7734 0.0171
vn -0.6382 0.6637 -0.3901
vn -0.9683 -0.0599 -0.2424
vn 0.5393 0.4707 0.6983
vn -0.8454 0.5126 -0.1502
vn -0.0087 0.9882 0.1530
vn -0.6747 -0.1588 -0.7208
vn -0.6287 0.6963 -0.3464
vn -0.3008 0.9526 0.0447
vn -0.4367 0.8547 0.2808
vn -0.8308 0.5282 0.1752
vn 0.5286 -0.8068 0.2640
vn -0.0795 0.9609 0.2653
vn -0.0751 0.9310 -0.3572
vn -0.2162 0.3953 -0.8927
vn -0.1307 0.9060 0.4026
vn -0.0729 -0.8081 0.5845
vn -0.6604 0.4212 -0.6216
vn -0.8498 0.5269 -0.0105
vn -0.1109 0.9895 0.0924
vn -0.3403 0.9295 -0.1421
vn -0.4598 0.5439 0.7020
vn -0.3274 -0.9297 -0.1690
vn -0.8189 0.5543 -0.1488
vn 0.1305 0.9582 0.2548
vn 0.2723 -0.7741 -0.5715
vn -0.2423 0.7252 -0.6445
vn -0.6610 0.3169 -0.6802
vn -0.9505 -0.2578 -0.1737
vn -0.7953 -0.4867 0.3615
vn 0.1061 0.9849 0.1366
vn -0.0084 0.7579 -0.6523
vn -0.2941 -0.6793 0.6723
vn -0.3183 0.7191 -0.6177
vn -0.8269 0.5575 0.0740
vn -0.9883 0.1215 -0.0926
vn 0.0075 -0.4739 0.8806
vn -0.6633 -0.2952 0.6877
vn 0.3218 0.5371 0.7797
vn 0.3404 0.8725 -0.3504
vn 0.6379 0.3186 0.7012
vn 0.3739 -0.0308 0.9269
vn 0.3276 0.2268 -0.9172
vn 0.3873 0.4380 -0.8113
vn 0.3996 0.2552 -0.8805
vn 0.9711 0.0454 0.2341
vn -0.3310 0.9145 -0.2325
vn -0.4085 0.9082 0.0906
vn -0.3281 0.8822 -0.3378
vn -0.4698 0.7494 0.4665
vn -0.9188 0.2492 0.3061
vn -0.3805 0.9240 -0.0376
vn -0.6152 0.7801 0.1134
vn -0.9570 -0.1808 -0.2267
vn -0.6765 0.7290 0.1043
vn -0.3437 -0.5128 -0.7867
vn -0.7435 0.6682 -0.0286
vn 0.5519 -0.8244 -0.1256
vn 0.6952 0.3401 0.6333
vn -0.1257 0.8682 -0.4800
vn -0.3645 0.9192 -0.1490
vn 0.8285 -0.5474 0.1181
vn 0.8299 0.1779 0.5288
vn -0.6426 0.7661 0.0137
vn -0.6981 0.6956 0.1698
vn 0.0410 0.9363 -0.3488
vn -0.2790 -0.8479 -0.4508
vn 0.0989 0.9905 -0.0957
vn -0.8162 0.4832 0.3169
vn -0.7759 -0.4956 0.3903
vn -0.8431 -0.3535 0.4051
vn -0.0613 0.9855 -0.1585
vn 0.5638 0.5160 0.6448
vn -0.6676 0.5466 -0.5056
vn -0.1594 0.1768 -0.9712
vn 0.1032 -0.9337 -0.3429
vn -0.5231 0.4137 -0.7452
vn 0.8535 0.5205 -0.0254
vn -0.4767 0.6210 -0.6222
vn 0.5905 0.7357 -0.3317
vn 0.6587 0.4814 -0.5782
vn -0.6313 -0.7393 0.2342
vn -0.0062 0.5479 -0.8365
vn 0.2391 0.3861 0.8909
vn 0.4161 0.5028 -0.7577
vn 0.7268 0.6085 -0.3185
vn 0.5938 -0.1355 0.7931
vn 0.4965 0.7587 0.4218
vn 0.0431 0.8838 -0.4659
vn -0.7409 0.6241 0.2482
vn -0.7810 -0.5791 -0.2339
vn -0.7566 0.2281 0.6128
vn -0.6743 -0.7382 0.0173
vn -0.4850 0.7046 0.5180
vn 0.7050 -0.7092 -0.0024
vn -0.9436 0.2633 0.2006
vn -0.1932 0.6645 0.7219
vn -0.7810 0.5298 0.3306
vn -0.4281 -0.9036 -0.0151
vn -0.7833 -0.4636 0.4143
vn -0.9002 0.4348 0.0219
vn -0.7540 0.4817 0.4467
vn -0.4980 0.8269 0.2612
vn -0.7423 0.6569 0.1324
vn 0.6991 0.3132 -0.6427
vn 0.4970 0.2649 0.8263
vn -0.2985 0.9544 -0.0075
vn 0.6271 0.4971 -0.5997
vn -0.7633 0.5892 0.2649
vn -0.8631 -0.4119 0.2922
vn -0.9108 -0.2833 0.3003
vn 0.8649 0.4887 -0.1143
vn 0.0236 0.0828 0.9963
vn -0.7981 0.4343 0.4176
vn -0.4162 -0.8383 0.3521
vn -0.9331 0.3584 -0.0286
vn 0.3410 0.9195 0.1958
vn -0.1822 -0.4698 0.8637
vn 0.6801 0.2942 -0.6715
vt 0.041693 0.540665
vt 0.043874 0.539447
vt 0.039201 0.551864
vt 0.641641 0.558242
vt 0.647131 0.547796
vt 0.644779 0.555217
vt 0.046785 0.553718
vt 0.042541 0.560208
vt 0.660390 0.655296
vt 0.665740 0.660298
vt 0.655797 0.668888
vt 0.645635 0.529264
vt 0.648726 0.545484
vt 0.640297 0.531290
vt 0.655965 0.371116
vt 0.658731 0.370253
vt 0.655097 0.377903
vt 0.050030 0.558449
vt 0.050550 0.555206
vt 0.042910 0.526725
vt 0.049449 0.522131
vt 0.656841 0.641356
vt 0.663773 0.634197
vt 0.663365 0.634527
vt 0.645261 0.180958
vt 0.643881 0.180502
vt 0.644680 0.180003
vt 0.666139 0.636014
vt 0.668220 0.643722
vt 0.010730 0.400820
vt 0.012070 0.402454
vt 0.010251 0.402027
vt 0.637136 0.273782
vt 0.636438 0.272868
vt 0.637312 0.272093
vt 0.662975 0.634959
vt 0.411651 0.113376
vt 0.411602 0.112011
vt 0.412644 0.111642
vt 0.598352 0.775411
vt 0.598198 0.776369
vt 0.597404 0.776429
vt 0.596245 0.775940
vt 0.837858 0.281594
vt 0.840672 0.277977
vt 0.838931 0.283292
vt 0.837158 0.279379
vt 0.839022 0.277604
vt 0.854203 0.373680
vt 0.857643 0.372314
vt 0.856629 0.377255
vt 0.633648 0.488826
vt 0.633495 0.485737
vt 0.638209 0.485401
vt 0.659243 0.649065
vt 0.659205 0.633236
vt 0.627705 0.490525
vt 0.635120 0.490377
vt 0.632756 0.492644
vt 0.618982 0.480227
vt 0.615991 0.481752
vt 0.616632 0.476946
vt 0.620583 0.476503
vt 0.993942 0.681621
vt 0.992517 0.683530
vt 0.991455 0.682053
vt 0.421376 0.118574
vt 0.420166 0.116455
vt 0.420895 0.116647
vt 0.627354 0.474192
vt 0.623589 0.474529
vt 0.389084 0.663069
vt 0.383050 0.664204
vt 0.380973 0.660337
vt 0.789685 0.346618
vt 0.788463 0.346944
vt 0.792565 0.342447
vt 0.544453 0.278165
vt 0.545529 0.278847
vt 0.548344 0.284287
vt 0.630043 0.592612
vt 0.634981 0.596295
vt 0.624096 0.586662
vt 0.567986 0.239505
vt 0.568115 0.240967
vt 0.566626 0.239530
vt 0.961314 0.557992
vt 0.958430 0.555506
vt 0.964089 0.551898
vt 0.790163 0.342119
vt 0.047913 0.685230
vt 0.053301 0.686142
vt 0.052934 0.689900
vt 0.709436 0.663664
vt 0.699831 0.657977
vt 0.708819 0.655660
vt 0.707739 0.661702
vt 0.845589 0.466927
vt 0.849346 0.463235
vt 0.853286 0.476703
vt 0.597537 0.831706
vt 0.597346 0.830549
vt 0.608378 0.826802
vt 0.605682 0.824819
vt 0.180979 0.889893
vt 0.182373 0.890381
vt 0.180908 0.890307
vt 0.923611 0.917315
vt 0.922574 0.915816
vt 0.925120 0.917216
vt 0.571375 0.660555
vt 0.571434 0.652505
vt 0.590713 0.663085
vt 0.393766 0.399619
vt 0.399663 0.405363
vt 0.400634 0.408809
vt 0.655561 0.238942
vt 0.657959 0.239550
vt 0.656818 0.240931
vt 0.830499 0.857757
vt 0.829890 0.867428
vt 0.827374 0.860959
vt 0.831576 0.868230
vt 0.832434 0.866134
vt 0.737362 0.261386
vt 0.735136 0.261820
vt 0.735588 0.259521
vt 0.826979 0.856017
vt 0.824768 0.858425
vt 0.516156 0.521647
vt 0.519425 0.516048
vt 0.528691 0.526614
vt 0.154890 0.458931
vt 0.159326 0.461987
vt 0.156902 0.465212
vt 0.648694 0.721414
vt 0.643998 0.722289
vt 0.644928 0.718805
vt 0.553879 0.637262
vt 0.554309 0.638060
vt 0.551900 0.638607
vt 0.821327 0.861609
vt 0.828934 0.850173
vt 0.826443 0.455825
vt 0.822296 0.453007
vt 0.825512 0.445834
vt 0.886764 0.531423
vt 0.893500 0.530259
vt 0.885459 0.533466
vt 0.137102 0.924782
vt 0.138587 0.925471
vt 0.128526 0.930122
vt 0.898737 0.533908
vt 0.561318 0.562045
vt 0.551928 0.552412
vt 0.560778 0.555385
vt 0.550693 0.571814
vt 0.555533 0.565174
vt 0.565691 0.578913
vt 0.557365 0.276278
vt 0.556472 0.281232
vt 0.554055 0.274658
vt 0.567703 0.564705
vt 0.745181 0.318337
vt 0.742187 0.307930
vt 0.745212 0.310629
vt 0.530346 0.364211
vt 0.527846 0.357821
vt 0.533751 0.356644
vt 0.211704 0.547159
vt 0.225529 0.538667
vt 0.223744 0.546626
vt 0.304963 0.363236
vt 0.301943 0.358869
vt 0.304237 0.353734
vt 0.326150 0.382633
vt 0.327131 0.370603
vt 0.331288 0.373523
vt 0.551656 0.434262
vt 0.560308 0.439731
vt 0.557341 0.443000
vt 0.736239 0.742585
vt 0.734822 0.739997
vt 0.743781 0.738783
vt 0.175580 0.496483
vt 0.168159 0.492454
vt 0.176404 0.480146
vt 0.901979 0.491137
vt 0.884639 0.475010
vt 0.893346 0.470312
vt 0.056535 0.254535
vt 0.057231 0.255902
vt 0.054945 0.255859
vt 0.687222 0.238385
vt 0.685834 0.238638
vt 0.686719 0.236654
vt 0.594102 0.645533
vt 0.613094 0.633072
vt 0.644573 0.655003
vt 0.167482 0.518358
vt 0.171852 0.513088
vt 0.132508 0.937686
vt 0.132326 0.931653
vt 0.137176 0.932215
vt 0.141155 0.989243
vt 0.139118 0.996871
vt 0.134184 0.999268
vt 0.181906 0.487469
vt 0.178817 0.478221
vt 0.194227 0.471340
vt 0.883445 0.531256
vt 0.141751 0.927855
vt 0.150241 0.928503
vt 0.478768 0.694580
vt 0.480340 0.695845
vt 0.478760 0.695548
vt 0.142973 0.925703
vt 0.142133 0.927327
vt 0.289795 0.193001
vt 0.288335 0.192125
vt 0.289708 0.192310
vt 0.881533 0.600112
vt 0.883737 0.599534
vt 0.884330 0.600230
vt 0.337523 0.509214
vt 0.339695 0.508840
vt 0.337460 0.510644
vt 0.209966 0.220803
vt 0.209067 0.221187
vt 0.209181 0.219259
vt 0.715088 0.283653
vt 0.713195 0.281113
vt 0.714697 0.280132
vt 0.643181 0.737711
vt 0.648535 0.737142
vt 0.648701 0.738715
vt 0.715131 0.277406
vt 0.714792 0.279578
vt 0.713867 0.278340
vt 0.883333 0.599323
vt 0.810303 0.114560
vt 0.808874 0.114363
vt 0.806092 0.113992
vt 0.436514 0.561167
vt 0.434502 0.560860
vt 0.436631 0.559806
vt 0.140480 0.934866
vt 0.644766 0.738912
vt 0.396571 0.252446
vt 0.398647 0.254328
vt 0.397895 0.255015
vt 0.805526 0.112549
vt 0.806396 0.113582
vt 0.128810 0.930979
vt 0.127394 0.936661
vt 0.351699 0.936743
vt 0.351893 0.935987
vt 0.352393 0.936976
vt 0.625549 0.218077
vt 0.624757 0.216546
vt 0.625969 0.218622
vt 0.626515 0.216879
vt 0.125524 0.940470
vt 0.171950 0.919125
vt 0.147161 0.934520
vt 0.178287 0.930024
vt 0.165502 0.945060
vt 0.180654 0.943526
vt 0.828369 0.378542
vt 0.831897 0.380111
vt 0.831025 0.380738
vt 0.350383 0.936276
vt 0.343500 0.849259
vt 0.338675 0.851613
vt 0.335372 0.844580
vt 0.891357 0.823250
vt 0.888814 0.822689
vt 0.889982 0.822718
vt 0.344464 0.834549
vt 0.331935 0.835935
vt 0.981360 0.538221
vt 0.996551 0.536131
vt 0.980873 0.555987
vt 0.333569 0.850092
vt 0.603154 0.339428
vt 0.600182 0.341155
vt 0.599166 0.337503
vt 0.549316 0.606858
vt 0.547420 0.604591
vt 0.550967 0.605167
vt 0.876716 0.577030
vt 0.893264 0.576591
vt 0.882165 0.585113
vt 0.892300 0.564901
vt 0.876890 0.567303
vt 0.869179 0.598690
vt 0.864439 0.581708
vt 0.876703 0.592988
vt 0.303100 0.540287
vt 0.306594 0.551696
vt 0.278655 0.555184
vt 0.970957 0.273035
vt 0.970559 0.274838
vt 0.970048 0.273935
vt 0.270584 0.541219
vt 0.299334 0.537788
vt 0.938081 0.915697
vt 0.939675 0.916088
vt 0.937885 0.916600
vt 0.969189 0.273673
vt 0.968951 0.272944
vt 0.140879 0.220311
vt 0.141685 0.218392
vt 0.142706 0.219253
vt 0.292279 0.532078
vt 0.235821 0.529555
vt 0.236055 0.528958
vt 0.237060 0.529891
vt 0.303526 0.539754
vt 0.232666 0.988037
vt 0.233618 0.987573
vt 0.234050 0.987919
vt 0.332162 0.915082
vt 0.330322 0.914967
vt 0.331257 0.914571
vt 0.334229 0.729248
vt 0.334465 0.727783
vt 0.334717 0.728596
vt 0.968124 0.274347
vt 0.304415 0.538849
vt 0.683838 0.201455
vt 0.683409 0.204946
vt 0.682080 0.203205
vt 0.699447 0.392725
vt 0.699153 0.394438
vt 0.695614 0.389899
vt 0.284807 0.535152
vt 0.165712 0.910847
vt 0.158911 0.912691
vt 0.159840 0.248665
vt 0.160856 0.246883
vt 0.160254 0.251634
vt 0.156721 0.910248
vt 0.162467 0.906265
vt 0.010433 0.253721
vt 0.011295 0.251127
vt 0.012154 0.253621
vt 0.150405 0.916959
vt 0.949468 0.247726
vt 0.950777 0.248480
vt 0.948873 0.249840
vt 0.950458 0.250439
vt 0.153405 0.919634
vt 0.147524 0.917146
vt 0.989014 0.704834
vt 0.988525 0.704620
vt 0.988622 0.703369
vt 0.937967 0.924933
vt 0.934075 0.922878
vt 0.943725 0.920651
vt 0.469648 0.993884
vt 0.463538 0.991801
vt 0.470758 0.992287
vt 0.202195 0.542701
vt 0.195440 0.544739
vt 0.195062 0.539936
vt 0.004848 0.638289
vt 0.010791 0.639247
vt 0.003054 0.643459
vt 0.179731 0.904653
vt 0.173446 0.904782
vt 0.166401 0.905648
vt 0.982939 0.385726
vt 0.987304 0.388085
vt 0.986177 0.389342
vt 0.011644 0.634824
vt 0.196085 0.902665
vt 0.183277 0.907333
vt 0.999477 0.444379
vt 0.997410 0.444236
vt 0.999281 0.443069
vt 0.999432 0.912303
vt 0.998096 0.910729
vt 0.999697 0.910432
vt 0.079346 0.172607
vt 0.080400 0.171359
vt 0.079993 0.172328
vt 0.182707 0.901781
vt 0.188975 0.914273
vt 0.180702 0.911450
vt 0.196717 0.909918
vt 0.198409 0.897446
vt 0.191642 0.899557
vt 0.196635 0.895680
vt 0.202832 0.919918
vt 0.190051 0.933788
vt 0.691893 0.885080
vt 0.694091 0.885123
vt 0.691147 0.885950
vt 0.569946 0.917381
vt 0.571071 0.919368
vt 0.568419 0.918915
vt 0.939206 0.266366
vt 0.939939 0.268513
vt 0.937099 0.265868
vt 0.572060 0.921346
vt 0.365662 0.206425
vt 0.365946 0.207978
vt 0.363911 0.208797
vt 0.098305 0.236181
vt 0.098720 0.234784
vt 0.099985 0.235458
vt 0.209018 0.911165
vt 0.205881 0.903784
vt 0.840429 0.199667
vt 0.840031 0.197162
vt 0.841057 0.197047
vt 0.626630 0.123291
vt 0.626078 0.125410
vt 0.625535 0.124780
vt 0.225199 0.912708
vt 0.209518 0.899411
vt 0.208958 0.896474
vt 0.212582 0.896354
vt 0.212718 0.903050
vt 0.219660 0.898224
vt 0.541280 0.612214
vt 0.540199 0.610282
vt 0.542903 0.610817
vt 0.217076 0.910746
vt 0.301374 0.502789
vt 0.293474 0.501659
vt 0.294434 0.499694
vt 0.300499 0.498710
vt 0.205276 0.925445
vt 0.218614 0.926027
vt 0.750608 0.680817
vt 0.746974 0.681430
vt 0.759679 0.679002
vt 0.224378 0.902441
vt 0.746116 0.679643
vt 0.225298 0.900138
vt 0.231781 0.923277
vt 0.902312 0.965274
vt 0.904798 0.963539
vt 0.903291 0.967317
vt 0.627710 0.536933
vt 0.599440 0.530828
vt 0.628196 0.526247
vt 0.761073 0.675179
vt 0.755178 0.675214
vt 0.243669 0.900363
vt 0.238710 0.901448
vt 0.236943 0.899806
vt 0.105997 0.907619
vt 0.111327 0.908130
vt 0.108697 0.909345
vt 0.592995 0.536465
vt 0.177495 0.539893
vt 0.159580 0.528720
vt 0.168131 0.529233
vt 0.233565 0.914810
vt 0.237864 0.916306
vt 0.242090 0.924316
vt 0.243022 0.898316
vt 0.162366 0.526605
vt 0.249208 0.900203
vt 0.252618 0.904004
vt 0.244244 0.904112
vt 0.864372 0.951295
vt 0.854482 0.952645
vt 0.862598 0.949434
vt 0.248383 0.903745
vt 0.254948 0.907518
vt 0.257182 0.907329
vt 0.256045 0.902404
vt 0.314930 0.383215
vt 0.311815 0.383093
vt 0.314887 0.380842
vt 0.259195 0.904531
vt 0.263725 0.908926
vt 0.649027 0.295969
vt 0.648209 0.294448
vt 0.650595 0.294926
vt 0.687772 0.158461
vt 0.689156 0.159751
vt 0.687983 0.159436
vt 0.262703 0.910939
vt 0.801698 0.424544
vt 0.802899 0.425665
vt 0.800546 0.425292
vt 0.566650 0.161826
vt 0.567704 0.161377
vt 0.566990 0.162259
vt 0.043179 0.788886
vt 0.044291 0.791157
vt 0.037779 0.789168
vt 0.108702 0.284107
vt 0.106819 0.280586
vt 0.109049 0.280518
vt 0.010397 0.590416
vt 0.014380 0.592553
vt 0.010601 0.591721
vt 0.671024 0.895634
vt 0.665056 0.895223
vt 0.669968 0.894095
vt 0.108456 0.282536
vt 0.276084 0.488812
vt 0.275567 0.488210
vt 0.278369 0.487255
vt 0.270623 0.914390
vt 0.014815 0.593979
vt 0.012196 0.592424
vt 0.660139 0.903653
vt 0.671238 0.898062
vt 0.676723 0.898089
vt 0.996917 0.964621
vt 0.997399 0.964276
vt 0.998029 0.965365
vt 0.671306 0.897380
vt 0.671888 0.899934
vt 0.671589 0.901952
vt 0.567923 0.162060
vt 0.010201 0.590897
vt 0.479459 0.111084
vt 0.479469 0.109475
vt 0.480195 0.109117
vt 0.273309 0.490050
vt 0.273833 0.490249
vt 0.278127 0.487839
vt 0.016303 0.594218
vt 0.273721 0.491373
vt 0.271964 0.491148
vt 0.184777 0.538742
vt 0.274116 0.490972
vt 0.671387 0.894794
vt 0.672030 0.897274
vt 0.128662 0.467526
vt 0.128530 0.468506
vt 0.128174 0.467041
vt 0.279690 0.919561
vt 0.273931 0.918290
vt 0.270581 0.913042
vt 0.278383 0.915511
vt 0.681878 0.899591
vt 0.680553 0.893044
vt 0.612236 0.348621
vt 0.616473 0.347027
vt 0.617293 0.348978
vt 0.205907 0.542709
vt 0.207551 0.542731
vt 0.048125 0.689916
vt 0.045157 0.690388
vt 0.853822 0.364826
vt 0.856988 0.368523
vt 0.851536 0.367318
vt 0.141179 0.778758
vt 0.138378 0.775583
vt 0.147553 0.774376
vt 0.992992 0.258088
vt 0.991013 0.259580
vt 0.993896 0.256950
vt 0.507030 0.617415
vt 0.523565 0.627668
vt 0.509378 0.629568
vt 0.046352 0.687857
vt 0.200325 0.778634
vt 0.191245 0.768077
vt 0.207752 0.775707
vt 0.201083 0.764200
vt 0.599366 0.339686
vt 0.966038 0.554460
vt 0.531197 0.537212
vt 0.549409 0.543304
vt 0.521495 0.542342
vt 0.738833 0.723231
vt 0.727624 0.667559
vt 0.741896 0.696333
vt 0.555127 0.535871
vt 0.571073 0.540322
vt 0.571122 0.546307
vt 0.747374 0.641844
vt 0.654267 0.509493
vt 0.657147 0.504359
vt 0.657823 0.529310
vt 0.985189 0.589889
vt 0.993815 0.566496
vt 0.988226 0.991693
vt 0.983157 0.991584
vt 0.986822 0.986336
vt 0.294055 0.277027
vt 0.296588 0.273117
vt 0.296032 0.276920
vt 0.993552 0.555384
vt 0.944001 0.983277
vt 0.976883 0.994998
vt 0.044070 0.520180
vt 0.053553 0.506103
vt 0.004336 0.372750
vt 0.003175 0.375532
vt 0.002305 0.373594
vt 0.617635 0.255956
vt 0.617304 0.252732
vt 0.618478 0.252326
vt 0.003715 0.372600
vt 0.990794 0.404602
vt 0.991322 0.403848
vt 0.992731 0.405359
vt 0.993177 0.405952
vt 0.991810 0.406870
vt 0.284188 0.419088
vt 0.286476 0.427524
vt 0.283550 0.427277
vt 0.986079 0.991436
vt 0.438263 0.121277
vt 0.437787 0.119471
vt 0.438664 0.120017
vt 0.439194 0.121433
vt 0.988896 0.989365
vt 0.990099 0.991406
vt 0.794693 0.308944
vt 0.795905 0.312853
vt 0.793266 0.311266
vt 0.045291 0.510961
vt 0.645143 0.526010
vt 0.645148 0.518979
vt 0.634731 0.511964
vt 0.639968 0.504037
vt 0.997376 0.991583
vt 0.993470 0.996831
vt 0.517496 0.678190
vt 0.503231 0.694611
vt 0.496734 0.638337
vt 0.987441 0.594423
vt 0.994010 0.565917
vt 0.992265 0.587340
vt 0.469304 0.412854
vt 0.474165 0.405233
vt 0.474793 0.416608
vt 0.083351 0.119396
vt 0.083419 0.120901
vt 0.082275 0.119385
vt 0.511783 0.549943
vt 0.524311 0.549775
vt 0.534063 0.559754
vt 0.946417 0.989571
vt 0.956818 0.994826
vt 0.675049 0.882080
vt 0.676514 0.882183
vt 0.676110 0.882568
vt 0.098114 0.898138
vt 0.098763 0.896856
vt 0.099938 0.898649
vt 0.956789 0.995370
vt 0.528311 0.370264
vt 0.523372 0.371540
vt 0.523955 0.367467
vt 0.827640 0.457421
vt 0.830357 0.458566
vt 0.830127 0.460538
vt 0.658992 0.374011
vt 0.651133 0.317139
vt 0.650842 0.316737
vt 0.651799 0.316157
vt 0.667480 0.665685
vt 0.874062 0.618977
vt 0.873252 0.634479
vt 0.866916 0.621620
vt 0.298690 0.529095
vt 0.297264 0.528397
vt 0.301548 0.528736
vt 0.560682 0.594714
vt 0.559674 0.596123
vt 0.558928 0.594265
vt 0.672249 0.865479
vt 0.672325 0.866492
vt 0.669579 0.866108
vt 0.964296 0.159456
vt 0.963292 0.160505
vt 0.963471 0.160030
vt 0.585237 0.260232
vt 0.585972 0.257889
vt 0.586345 0.258402
vt 0.559672 0.595506
vt 0.559119 0.595433
vt 0.585531 0.256975
vt 0.388203 0.098944
vt 0.388298 0.098534
vt 0.389185 0.098343
vt 0.587012 0.257499
vt 0.586482 0.258039
vt 0.721454 0.128662
vt 0.720947 0.127759
vt 0.722412 0.127197
vt 0.497603 0.160224
vt 0.497501 0.159459
vt 0.498680 0.160331
vt 0.497635 0.160889
vt 0.860388 0.612159
vt 0.875413 0.608050
vt 0.587083 0.258743
vt 0.255799 0.540290
vt 0.262700 0.548789
vt 0.250628 0.548421
vt 0.264885 0.380550
vt 0.258019 0.378711
vt 0.262520 0.376702
vt 0.965901 0.364613
vt 0.963382 0.373667
vt 0.958885 0.369842
vt 0.345920 0.678120
vt 0.351248 0.677600
vt 0.350845 0.678975
vt 0.270898 0.536506
vt 0.270681 0.534870
vt 0.276280 0.534873
vt 0.769508 0.362571
vt 0.771551 0.348291
vt 0.775982 0.359264
vt 0.779677 0.440969
vt 0.788876 0.431654
vt 0.786498 0.439350
vt 0.865765 0.648835
vt 0.864282 0.657446
vt 0.859772 0.649612
vt 0.149713 0.736040
vt 0.152210 0.736652
vt 0.149443 0.737012
vt 0.689311 0.656331
vt 0.669548 0.635377
vt 0.683820 0.638560
vt 0.848763 0.439148
vt 0.846884 0.431382
vt 0.857809 0.425844
vt 0.023340 0.306885
vt 0.024170 0.307570
vt 0.022705 0.308350
vt 0.886107 0.830339
vt 0.884201 0.825599
vt 0.889308 0.827295
vt 0.899781 0.598017
vt 0.897702 0.594766
vt 0.901721 0.596593
vt 0.893336 0.834392
vt 0.887968 0.833712
vt 0.896623 0.598388
vt 0.884963 0.835155
vt 0.880573 0.831658
vt 0.662053 0.844051
vt 0.662451 0.842286
vt 0.662569 0.844282
vt 0.901751 0.595267
vt 0.762429 0.603527
vt 0.766812 0.603550
vt 0.763407 0.604928
vt 0.756199 0.740924
vt 0.756110 0.739507
vt 0.758545 0.739776
vt 0.697833 0.667472
vt 0.702140 0.664689
vt 0.189091 0.433077
vt 0.185101 0.431334
vt 0.186550 0.429013
vt 0.262939 0.398379
vt 0.269416 0.391882
vt 0.267015 0.398668
vt 0.438251 0.368818
vt 0.439295 0.375502
vt 0.437554 0.371328
vt 0.680791 0.657590
vt 0.758467 0.351279
vt 0.753891 0.348412
vt 0.757183 0.346349
vt 0.757940 0.347833
vt 0.769031 0.372415
vt 0.770729 0.372423
vt 0.733678 0.594631
vt 0.731740 0.574645
vt 0.740039 0.591790
vt 0.740163 0.543715
vt 0.476662 0.349552
vt 0.479094 0.345550
vt 0.477718 0.351277
vt 0.892082 0.867603
vt 0.886968 0.869035
vt 0.877245 0.863453
vt 0.515327 0.566806
vt 0.515647 0.568523
vt 0.512029 0.568875
vt 0.642389 0.745758
vt 0.639439 0.746078
vt 0.642123 0.741897
vt 0.878073 0.858695
vt 0.872935 0.839984
vt 0.884825 0.839206
vt 0.887509 0.846647
vt 0.869022 0.568437
vt 0.877696 0.482624
vt 0.882949 0.487565
vt 0.875313 0.485644
vt 0.240488 0.609400
vt 0.234926 0.599553
vt 0.242439 0.595378
vt 0.839599 0.949463
vt 0.834906 0.951497
vt 0.838090 0.949605
vt 0.651289 0.357296
vt 0.648004 0.367842
vt 0.646728 0.356052
vt 0.098372 0.270686
vt 0.097521 0.270452
vt 0.097763 0.268208
vt 0.796202 0.471528
vt 0.800897 0.475024
vt 0.797158 0.474703
vt 0.802342 0.476417
vt 0.321470 0.435303
vt 0.319911 0.433224
vt 0.322998 0.434050
vt 0.390938 0.832945
vt 0.385485 0.842999
vt 0.380099 0.836057
vt 0.897322 0.304844
vt 0.894884 0.302671
vt 0.898535 0.302449
vt 0.154216 0.442357
vt 0.159843 0.447574
vt 0.153582 0.445957
vt 0.082832 0.677005
vt 0.084952 0.670863
vt 0.082923 0.677783
vt 0.075185 0.675511
vt 0.078878 0.672905
vt 0.081203 0.673037
vt 0.386944 0.826756
vt 0.378877 0.829476
vt 0.384605 0.811808
vt 0.640506 0.965722
vt 0.636453 0.966916
vt 0.645990 0.963599
vt 0.629731 0.523202
vt 0.620146 0.518185
vt 0.613758 0.513911
vt 0.635984 0.965989
vt 0.631634 0.236084
vt 0.630207 0.234008
vt 0.631699 0.233727
vt 0.898025 0.306773
vt 0.899620 0.305543
vt 0.089132 0.669120
vt 0.369773 0.816291
vt 0.746650 0.554631
vt 0.747230 0.540461
vt 0.750185 0.540446
vt 0.193791 0.788383
vt 0.188635 0.782764
vt 0.196044 0.779869
vt 0.758004 0.542980
vt 0.752184 0.548175
vt 0.191234 0.983767
vt 0.190345 0.981656
vt 0.194634 0.982335
vt 0.802840 0.254130
vt 0.801865 0.252581
vt 0.801562 0.250436
vt 0.754301 0.545349
vt 0.758823 0.549992
vt 0.994403 0.640788
vt 0.993558 0.635568
vt 0.995418 0.635752
vt 0.447510 0.261291
vt 0.449300 0.259078
vt 0.448521 0.260433
vt 0.683641 0.472988
vt 0.686362 0.471007
vt 0.686621 0.473023
vt 0.374628 0.754462
vt 0.376705 0.761500
vt 0.370472 0.762161
vt 0.377040 0.754264
vt 0.386139 0.758602
vt 0.233117 0.302846
vt 0.235532 0.293630
vt 0.237403 0.294185
vt 0.131562 0.793015
vt 0.138263 0.794650
vt 0.134122 0.795988
vt 0.608884 0.925619
vt 0.638679 0.931521
vt 0.622636 0.942635
vt 0.645970 0.936691
vt 0.528877 0.479265
vt 0.534944 0.504216
vt 0.525751 0.491374
vt 0.183690 0.991157
vt 0.185922 0.986604
vt 0.195875 0.994675
vt 0.172877 0.989902
vt 0.179276 0.997349
vt 0.163305 0.996537
vt 0.150581 0.995148
vt 0.158612 0.992266
vt 0.998436 0.837439
vt 0.978475 0.839042
vt 0.985150 0.833215
vt 0.084166 0.588204
vt 0.075939 0.596541
vt 0.076623 0.581435
vt 0.020287 0.989216
vt 0.007885 0.985259
vt 0.014426 0.984671
vt 0.882097 0.482155
vt 0.647653 0.577304
vt 0.659156 0.587200
vt 0.641634 0.583727
vt 0.611966 0.361169
vt 0.618087 0.362471
vt 0.618135 0.366811
vt 0.015003 0.242036
vt 0.014893 0.241246
vt 0.017050 0.241568
vt 0.930544 0.359756
vt 0.930869 0.357569
vt 0.932931 0.357878
vt 0.165589 0.466197
vt 0.171079 0.466640
vt 0.165203 0.473489
vt 0.697750 0.499573
vt 0.693558 0.516447
vt 0.689270 0.506121
vt 0.138702 0.367262
vt 0.136796 0.363284
vt 0.141412 0.362528
vt 0.103688 0.530851
vt 0.098077 0.529070
vt 0.104463 0.527271
vt 0.471868 0.203109
vt 0.473294 0.202008
vt 0.473328 0.206787
vt 0.405537 0.433232
vt 0.403420 0.427522
vt 0.406366 0.427451
vt 0.426801 0.311495
vt 0.429443 0.314703
vt 0.428080 0.315691
vt 0.719320 0.374305
vt 0.721274 0.380188
vt 0.716671 0.381719
vt 0.719795 0.382638
vt 0.713160 0.375811
vt 0.869887 0.281460
vt 0.868464 0.278321
vt 0.870796 0.279202
vt 0.854649 0.425874
vt 0.871193 0.274884
vt 0.895130 0.592275
vt 0.889822 0.594983
vt 0.772983 0.256591
vt 0.770956 0.260205
vt 0.770351 0.256586
vt 0.701832 0.574755
vt 0.708151 0.568435
vt 0.710564 0.568881
vt 0.959954 0.468735
vt 0.959573 0.464979
vt 0.965398 0.464796
vt 0.905609 0.832313
vt 0.892842 0.826979
vt 0.229577 0.386470
vt 0.228353 0.382563
vt 0.231117 0.381557
vt 0.974174 0.254815
vt 0.971814 0.256739
vt 0.972834 0.253174
vt 0.894954 0.596552
vt 0.439406 0.287964
vt 0.439953 0.289308
vt 0.437744 0.290538
vt 0.450439 0.443654
vt 0.452881 0.443604
vt 0.452020 0.445068
vt 0.695735 0.568220
vt 0.704849 0.570075
vt 0.442138 0.292724
vt 0.885767 0.992480
vt 0.900532 0.990082
vt 0.889909 0.993882
vt 0.710451 0.594465
vt 0.713909 0.591777
vt 0.724664 0.611991
vt 0.613151 0.368561
vt 0.612246 0.367949
vt 0.614443 0.367030
vt 0.268618 0.401718
vt 0.269968 0.398722
vt 0.269648 0.403769
vt 0.034459 0.346758
vt 0.035967 0.345844
vt 0.038102 0.347508
vt 0.712731 0.605760
vt 0.692470 0.666085
vt 0.690674 0.662984
vt 0.044900 0.691620
vt 0.041831 0.694027
vt 0.044791 0.691122
vt 0.041725 0.689866
vt 0.043137 0.691804
vt 0.271453 0.399898
vt 0.765436 0.601415
vt 0.760422 0.602224
vt 0.736059 0.214275
vt 0.737203 0.212974
vt 0.737187 0.214599
vt 0.516035 0.328226
vt 0.512249 0.322016
vt 0.514861 0.320709
vt 0.455733 0.324329
vt 0.453873 0.328806
vt 0.453449 0.321720
vt 0.267821 0.399921
vt 0.607115 0.427167
vt 0.606505 0.426053
vt 0.608710 0.426833
vt 0.607162 0.425271
vt 0.608995 0.425953
vt 0.043510 0.687959
vt 0.032317 0.343825
vt 0.036882 0.342362
vt 0.899947 0.372941
vt 0.899891 0.375230
vt 0.898095 0.373862
vt 0.863037 0.364341
vt 0.862323 0.365786
vt 0.860812 0.364280
vt 0.273658 0.391765
vt 0.920166 0.161848
vt 0.921407 0.161701
vt 0.920645 0.162842
vt 0.993382 0.256375
vt 0.649116 0.610720
vt 0.655155 0.599593
vt 0.663004 0.623052
vt 0.403339 0.428992
vt 0.399658 0.426720
vt 0.680402 0.614435
vt 0.472250 0.206486
vt 0.425214 0.314919
vt 0.427881 0.310867
vt 0.726807 0.293701
vt 0.728024 0.288330
vt 0.731118 0.289498
vt 0.669182 0.591079
vt 0.695879 0.578696
vt 0.437051 0.166694
vt 0.438232 0.166642
vt 0.437758 0.167508
vt 0.998389 0.668981
vt 0.995345 0.669532
vt 0.997628 0.667849
vt 0.555235 0.168644
vt 0.555504 0.167270
vt 0.555974 0.168093
vt 0.017334 0.125732
vt 0.015869 0.125716
vt 0.016782 0.124792
vt 0.373900 0.408626
vt 0.378938 0.411077
vt 0.372565 0.416752
vt 0.323457 0.760961
vt 0.313514 0.758983
vt 0.322608 0.752681
vt 0.909777 0.224341
vt 0.911731 0.223142
vt 0.910623 0.225752
vt 0.435680 0.683173
vt 0.423843 0.691242
vt 0.424766 0.689312
vt 0.483235 0.611930
vt 0.482544 0.611736
vt 0.483037 0.609841
vt 0.444778 0.329454
vt 0.445824 0.329469
vt 0.445757 0.330893
vt 0.178226 0.252804
vt 0.178818 0.249088
vt 0.179552 0.253042
vt 0.325101 0.292276
vt 0.324035 0.291472
vt 0.325311 0.288647
vt 0.822530 0.335173
vt 0.822530 0.336744
vt 0.820626 0.332059
vt 0.323071 0.288975
vt 0.485107 0.611307
vt 0.177392 0.249205
vt 0.959966 0.238824
vt 0.960572 0.240393
vt 0.958387 0.239644
vt 0.997582 0.236071
vt 0.997602 0.234619
vt 0.997718 0.235076
vt 0.136084 0.280609
vt 0.133051 0.283569
vt 0.134909 0.278835
vt 0.453748 0.173360
vt 0.453652 0.172231
vt 0.454834 0.173030
vt 0.650146 0.235596
vt 0.647972 0.238037
vt 0.647705 0.236663
vt 0.469568 0.489013
vt 0.467655 0.495290
vt 0.463616 0.495360
vt 0.098028 0.541862
vt 0.107911 0.537980
vt 0.108929 0.542934
vt 0.110103 0.542894
vt 0.457767 0.480730
vt 0.630820 0.916703
vt 0.634454 0.909352
vt 0.644820 0.912114
vt 0.921926 0.894618
vt 0.920156 0.903749
vt 0.909788 0.895504
vt 0.160326 0.483343
vt 0.142810 0.474009
vt 0.157653 0.478547
vt 0.070806 0.483998
vt 0.074357 0.487331
vt 0.069184 0.491133
vt 0.702078 0.520145
vt 0.695183 0.529057
vt 0.436870 0.692431
vt 0.443126 0.683844
vt 0.436245 0.617151
vt 0.442273 0.616473
vt 0.442984 0.619335
vt 0.647043 0.586152
vt 0.156770 0.473680
vt 0.159905 0.474894
vt 0.574054 0.669743
vt 0.572113 0.679277
vt 0.565017 0.677699
vt 0.167439 0.750524
vt 0.179896 0.751990
vt 0.175332 0.756474
vt 0.646495 0.602645
vt 0.975391 0.295448
vt 0.974817 0.297732
vt 0.973643 0.296112
vt 0.157670 0.746678
vt 0.580971 0.668565
vt 0.685847 0.571645
vt 0.680724 0.578663
vt 0.676034 0.570370
vt 0.482178 0.177463
vt 0.482105 0.178467
vt 0.480809 0.177362
vt 0.067609 0.489882
vt 0.068796 0.487316
vt 0.754150 0.239413
vt 0.755981 0.237871
vt 0.755591 0.239787
vt 0.155571 0.488474
vt 0.909228 0.362326
vt 0.912349 0.359528
vt 0.913364 0.364108
vt 0.822134 0.404134
vt 0.824258 0.390932
vt 0.826710 0.399475
vt 0.263754 0.596383
vt 0.256370 0.602872
vt 0.256066 0.592718
vt 0.805113 0.205688
vt 0.804624 0.201601
vt 0.805498 0.204057
vt 0.859709 0.550755
vt 0.859873 0.540141
vt 0.871421 0.544237
vt 0.219135 0.524537
vt 0.225776 0.520723
vt 0.229852 0.530331
vt 0.714723 0.496668
vt 0.909219 0.984574
vt 0.920608 0.982078
vt 0.916788 0.984159
vt 0.871490 0.556252
vt 0.863825 0.561828
vt 0.859103 0.559773
vt 0.967266 0.519443
vt 0.981781 0.511130
vt 0.974784 0.522793
vt 0.698501 0.526065
vt 0.721584 0.593018
vt 0.722412 0.594086
vt 0.719971 0.594482
vt 0.958801 0.897091
vt 0.962524 0.898387
vt 0.961274 0.898886
vt 0.219702 0.534224
vt 0.223534 0.530969
vt 0.105221 0.516813
vt 0.106645 0.515869
vt 0.106859 0.518351
vt 0.918878 0.984571
vt 0.989939 0.979547
vt 0.992610 0.981990
vt 0.984373 0.980625
vt 0.996550 0.977030
vt 0.996027 0.973282
vt 0.999391 0.975467
vt 0.144896 0.487615
vt 0.609645 0.248782
vt 0.611429 0.248291
vt 0.611684 0.249511
vt 0.992829 0.980026
vt 0.422384 0.383859
vt 0.421820 0.387853
vt 0.420133 0.385277
vt 0.630243 0.575340
vt 0.639475 0.577434
vt 0.514185 0.460565
vt 0.516543 0.459473
vt 0.515461 0.461955
vt 0.924346 0.354803
vt 0.924095 0.356728
vt 0.920871 0.354702
vt 0.885448 0.544999
vt 0.970183 0.471695
vt 0.968696 0.461242
vt 0.973828 0.471818
vt 0.074747 0.552191
vt 0.077676 0.534754
vt 0.604367 0.908796
vt 0.608659 0.899373
vt 0.613628 0.898668
vt 0.064814 0.538236
vt 0.020276 0.986099
vt 0.972268 0.476027
vt 0.085346 0.561147
vt 0.617996 0.914538
vt 0.620858 0.899143
vt 0.629363 0.892127
vt 0.616909 0.885271
vt 0.628031 0.880243
vt 0.669271 0.888224
vt 0.672213 0.889544
vt 0.669083 0.889457
vt 0.625675 0.894607
vt 0.632110 0.520321
vt 0.636176 0.521918
vt 0.635018 0.522560
vt 0.768609 0.730004
vt 0.761874 0.732396
vt 0.767851 0.728337
vt 0.932615 0.292613
vt 0.935083 0.293996
vt 0.933744 0.298202
vt 0.632987 0.899816
vt 0.507856 0.260986
vt 0.509521 0.265381
vt 0.506104 0.264047
vt 0.765893 0.727165
vt 0.764654 0.727036
vt 0.879247 0.304005
vt 0.877877 0.300092
vt 0.881955 0.299228
vt 0.589350 0.365540
vt 0.588974 0.371030
vt 0.582169 0.365940
vt 0.103390 0.536182
vt 0.638209 0.901955
vt 0.097186 0.556104
vt 0.104422 0.786250
vt 0.109996 0.780386
vt 0.113335 0.784625
vt 0.848636 0.642463
vt 0.504536 0.356148
vt 0.504358 0.351471
vt 0.509499 0.338986
vt 0.531975 0.594223
vt 0.504475 0.601303
vt 0.512802 0.585220
vt 0.858769 0.676136
vt 0.554105 0.579767
vt 0.965849 0.530561
vt 0.891357 0.657857
vt 0.890081 0.658936
vt 0.889753 0.657872
vt 0.520713 0.600407
vt 0.903838 0.974551
vt 0.878592 0.979814
vt 0.896020 0.973105
vt 0.546005 0.588399
vt 0.874141 0.976672
vt 0.886484 0.549530
vt 0.684088 0.629938
vt 0.083167 0.574969
vt 0.879961 0.556196
vt 0.988366 0.506081
vt 0.990568 0.495175
vt 0.991970 0.502730
vt 0.461848 0.470875
vt 0.454999 0.465124
vt 0.468160 0.470284
vt 0.299074 0.461207
vt 0.305153 0.453252
vt 0.308055 0.464580
vt 0.319444 0.636418
vt 0.327657 0.640922
vt 0.320672 0.639735
vt 0.884674 0.554412
vt 0.374643 0.845058
vt 0.369081 0.839980
vt 0.880982 0.558505
vt 0.891806 0.541148
vt 0.894426 0.546167
vt 0.937825 0.837859
vt 0.937969 0.835252
vt 0.942687 0.835705
vt 0.982756 0.499657
vt 0.981632 0.495494
vt 0.942912 0.428980
vt 0.946438 0.427541
vt 0.937953 0.434381
vt 0.292461 0.440371
vt 0.376221 0.699157
vt 0.376525 0.698614
vt 0.377465 0.698637
vt 0.496406 0.950860
vt 0.495361 0.950928
vt 0.496379 0.950452
vt 0.334021 0.350941
vt 0.334443 0.354267
vt 0.331829 0.352387
vt 0.881174 0.990308
vt 0.891919 0.988717
vt 0.897186 0.985452
vt 0.852838 0.943933
vt 0.857576 0.946472
vt 0.851369 0.946946
vt 0.216588 0.384672
vt 0.216084 0.385223
vt 0.215429 0.383155
vt 0.958025 0.251563
vt 0.959009 0.250592
vt 0.958170 0.252472
vt 0.899170 0.994786
vt 0.908967 0.989725
vt 0.290943 0.447890
vt 0.134333 0.466089
vt 0.127440 0.460305
vt 0.127574 0.453316
vt 0.190583 0.678519
vt 0.189984 0.675234
vt 0.195630 0.680461
vt 0.141651 0.470605
vt 0.145883 0.469708
vt 0.173899 0.251124
vt 0.173594 0.247654
vt 0.175780 0.245418
vt 0.821799 0.339582
vt 0.822811 0.342143
vt 0.820777 0.341602
vt 0.532436 0.282101
vt 0.532871 0.282506
vt 0.532905 0.284808
vt 0.375184 0.732017
vt 0.382218 0.726119
vt 0.388683 0.730444
vt 0.155974 0.384111
vt 0.160951 0.389196
vt 0.154983 0.385714
vt 0.894440 0.543763
vt 0.894500 0.549174
vt 0.892672 0.551253
vt 0.243375 0.558675
vt 0.246385 0.570952
vt 0.235859 0.575665
vt 0.999559 0.236125
vt 0.998033 0.234809
vt 0.034627 0.113513
vt 0.035813 0.111572
vt 0.035860 0.113891
vt 0.312810 0.598074
vt 0.311476 0.596501
vt 0.314038 0.597156
vt 0.531106 0.281741
vt 0.530518 0.282612
vt 0.894350 0.120455
vt 0.895264 0.121826
vt 0.894130 0.121422
vt 0.369616 0.712887
vt 0.383283 0.711155
vt 0.378981 0.720108
vt 0.385264 0.736701
vt 0.926376 0.398801
vt 0.927398 0.394622
vt 0.931454 0.398606
vt 0.516477 0.613448
vt 0.515404 0.611655
vt 0.390928 0.447653
vt 0.385952 0.432822
vt 0.395470 0.443372
vt 0.521259 0.608041
vt 0.528281 0.616406
vt 0.827393 0.978272
vt 0.828645 0.977783
vt 0.828857 0.978111
vt 0.335329 0.461635
vt 0.337162 0.460148
vt 0.336761 0.462974
vt 0.205512 0.939847
vt 0.219641 0.951677
vt 0.210704 0.953288
vt 0.856705 0.548472
vt 0.944404 0.990967
vt 0.943604 0.990479
vt 0.945068 0.990594
vt 0.246083 0.405197
vt 0.249818 0.406668
vt 0.246237 0.407774
vt 0.857269 0.551152
vt 0.851710 0.560449
vt 0.843329 0.555529
vt 0.848833 0.552747
vt 0.854769 0.544625
vt 0.756307 0.344116
vt 0.756592 0.345459
vt 0.756154 0.344826
vt 0.309124 0.239304
vt 0.309582 0.239333
vt 0.307861 0.240967
vt 0.852483 0.548138
vt 0.853825 0.547374
vt 0.791591 0.349656
vt 0.790708 0.349852
vt 0.791579 0.348183
vt 0.616881 0.263273
vt 0.614962 0.265651
vt 0.615822 0.262071
vt 0.790149 0.350559
vt 0.930534 0.224956
vt 0.930994 0.223135
vt 0.931730 0.226318
vt 0.057145 0.221744
vt 0.055101 0.222412
vt 0.055367 0.220115
vt 0.249309 0.600041
vt 0.615487 0.264573
vt 0.851731 0.547685
vt 0.845741 0.536977
vt 0.853885 0.539808
vt 0.848067 0.539517
vt 0.101834 0.209506
vt 0.103043 0.212672
vt 0.101118 0.212105
vt 0.431147 0.680871
vt 0.429743 0.681243
vt 0.432528 0.679468
vt 0.217560 0.382581
vt 0.216839 0.384123
vt 0.350758 0.242133
vt 0.350370 0.243896
vt 0.349193 0.242618
vt 0.218373 0.383078
vt 0.425595 0.254922
vt 0.425066 0.254887
vt 0.426169 0.251427
vt 0.582659 0.284798
vt 0.581544 0.289083
vt 0.581263 0.287516
vt 0.900578 0.848688
vt 0.899530 0.847268
vt 0.429460 0.680377
vt 0.893864 0.873552
vt 0.890355 0.874554
vt 0.145439 0.441619
vt 0.140458 0.431211
vt 0.149000 0.440547
vt 0.957547 0.249003
vt 0.957221 0.250999
vt 0.897900 0.844024
vt 0.425730 0.254338
vt 0.596490 0.261581
vt 0.597000 0.259879
vt 0.598586 0.261475
vt 0.427162 0.253738
vt 0.897239 0.860121
vt 0.897086 0.856530
vt 0.895990 0.846183
vt 0.728105 0.433793
vt 0.729148 0.435882
vt 0.724888 0.436375
vt 0.435766 0.272839
vt 0.434555 0.273335
vt 0.433838 0.271273
vt 0.888335 0.850115
vt 0.904823 0.342679
vt 0.904770 0.347290
vt 0.902185 0.342343
vt 0.906761 0.346874
vt 0.244969 0.928812
vt 0.231054 0.931851
vt 0.927038 0.844347
vt 0.923922 0.845944
vt 0.922294 0.844249
vt 0.225399 0.931186
vt 0.219194 0.934458
vt 0.213230 0.929731
vt 0.218219 0.929484
vt 0.677990 0.695435
vt 0.673917 0.690796
vt 0.681921 0.693964
vt 0.222346 0.941639
vt 0.718380 0.583541
vt 0.721969 0.581836
vt 0.721446 0.583659
vt 0.723379 0.580787
vt 0.854851 0.621783
vt 0.854451 0.617847
vt 0.264404 0.151045
vt 0.263148 0.150226
vt 0.264196 0.150177
vt 0.293003 0.995658
vt 0.292744 0.996686
vt 0.290963 0.997008
vt 0.291333 0.994525
vt 0.291105 0.996377
vt 0.740654 0.099826
vt 0.739677 0.098686
vt 0.740967 0.098744
vt 0.923427 0.212989
vt 0.922267 0.213831
vt 0.921440 0.211263
vt 0.199640 0.208000
vt 0.200843 0.206419
vt 0.201632 0.206998
vt 0.290176 0.996263
vt 0.288507 0.996190
vt 0.201185 0.208236
vt 0.382086 0.151651
vt 0.382557 0.150729
vt 0.383545 0.152100
vt 0.200690 0.209672
vt 0.201580 0.210351
vt 0.295111 0.995285
vt 0.293831 0.997748
vt 0.324111 0.998514
vt 0.324839 0.997315
vt 0.327795 0.998524
vt 0.854992 0.618175
vt 0.747221 0.576289
vt 0.753757 0.566429
vt 0.923344 0.977547
vt 0.912494 0.979030
vt 0.912883 0.978087
vt 0.487002 0.603840
vt 0.496574 0.596147
vt 0.496955 0.592897
vt 0.570752 0.464207
vt 0.568671 0.461770
vt 0.572087 0.462388
vt 0.492168 0.585788
vt 0.511289 0.582452
vt 0.991061 0.317859
vt 0.988643 0.315219
vt 0.991724 0.313950
vt 0.740491 0.097609
vt 0.857766 0.604775
vt 0.857434 0.609406
vt 0.854866 0.604269
vt 0.307941 0.478115
vt 0.308627 0.476807
vt 0.309446 0.478163
vt 0.857911 0.600022
vt 0.098209 0.925505
vt 0.100586 0.925913
vt 0.100003 0.926727
vt 0.101784 0.927334
vt 0.294497 0.465159
vt 0.294678 0.466437
vt 0.294423 0.466479
vt 0.851527 0.612158
vt 0.288810 0.996809
vt 0.289783 0.997110
vt 0.815693 0.200707
vt 0.817102 0.203352
vt 0.816588 0.205360
vt 0.103049 0.925758
vt 0.897510 0.536531
vt 0.899170 0.537190
vt 0.898454 0.537353
vt 0.288641 0.998550
vt 0.287968 0.999400
vt 0.670681 0.445621
vt 0.671764 0.444119
vt 0.677212 0.446797
vt 0.674507 0.441304
vt 0.162807 0.231381
vt 0.161291 0.232903
vt 0.162201 0.231146
vt 0.160439 0.233102
vt 0.665537 0.164526
vt 0.664307 0.164795
vt 0.664526 0.163841
vt 0.664418 0.161832
vt 0.677891 0.427425
vt 0.851690 0.602700
vt 0.852754 0.602232
vt 0.331198 0.338638
vt 0.327025 0.333075
vt 0.327476 0.330435
vt 0.282004 0.998719
vt 0.850027 0.603614
vt 0.281561 0.996826
vt 0.278486 0.997667
vt 0.896772 0.537828
vt 0.673995 0.448979
vt 0.400556 0.234671
vt 0.401016 0.235808
vt 0.399197 0.235938
vt 0.542805 0.661035
vt 0.536822 0.672010
vt 0.539714 0.635642
vt 0.642366 0.425904
vt 0.649160 0.426328
vt 0.641385 0.435921
vt 0.648488 0.432344
vt 0.703669 0.646178
vt 0.695285 0.652717
vt 0.693690 0.645921
vt 0.530499 0.672064
vt 0.319784 0.267095
vt 0.317942 0.267663
vt 0.319065 0.266101
vt 0.523792 0.677706
vt 0.340834 0.372279
vt 0.341376 0.364742
vt 0.348595 0.367757
vt 0.306902 0.820580
vt 0.305426 0.822998
vt 0.304670 0.820495
vt 0.285797 0.314722
vt 0.285262 0.315963
vt 0.283715 0.315600
vt 0.681396 0.828941
vt 0.675172 0.830013
vt 0.677476 0.827600
vt 0.449642 0.574893
vt 0.446608 0.577668
vt 0.439403 0.576025
vt 0.507715 0.904981
vt 0.500449 0.909370
vt 0.493869 0.904822
vt 0.633938 0.867653
vt 0.636641 0.872121
vt 0.630478 0.875529
vt 0.547943 0.369251
vt 0.553793 0.371890
vt 0.548323 0.374695
vt 0.618086 0.874723
vt 0.620133 0.862734
vt 0.745351 0.538962
vt 0.207013 0.608958
vt 0.201328 0.605756
vt 0.201750 0.602994
vt 0.828409 0.314433
vt 0.825439 0.310962
vt 0.828164 0.310809
vt 0.755132 0.543336
vt 0.753490 0.542027
vt 0.265831 0.476007
vt 0.258316 0.466411
vt 0.271706 0.463432
vt 0.514057 0.265617
vt 0.515732 0.264718
vt 0.514311 0.268310
vt 0.274613 0.476631
vt 0.921499 0.841320
vt 0.909491 0.842838
vt 0.911460 0.841405
vt 0.917782 0.847411
vt 0.425445 0.285926
vt 0.425882 0.282120
vt 0.427726 0.284046
vt 0.909696 0.549896
vt 0.906865 0.546859
vt 0.912366 0.549947
vt 0.533565 0.281848
vt 0.515558 0.692297
vt 0.517553 0.694176
vt 0.514706 0.694871
vt 0.264986 0.245849
vt 0.265290 0.244535
vt 0.267032 0.245119
vt 0.965308 0.722134
vt 0.958553 0.723108
vt 0.962389 0.721016
vt 0.084762 0.400703
vt 0.085641 0.403002
vt 0.083587 0.401450
vt 0.447691 0.333929
vt 0.446255 0.335420
vt 0.155301 0.262979
vt 0.154167 0.263939
vt 0.153035 0.262361
vt 0.201010 0.293164
vt 0.200028 0.294844
vt 0.198486 0.294360
vt 0.969207 0.172232
vt 0.969699 0.171692
vt 0.970459 0.172210
vt 0.728569 0.342077
vt 0.727312 0.340177
vt 0.729230 0.340268
vt 0.876736 0.600166
vt 0.820698 0.485861
vt 0.818278 0.489574
vt 0.814103 0.485049
vt 0.860686 0.596054
vt 0.188613 0.301727
vt 0.186256 0.301655
vt 0.186541 0.298534
vt 0.672409 0.431773
vt 0.499950 0.746507
vt 0.496120 0.748461
vt 0.493902 0.747158
vt 0.470954 0.588301
vt 0.464542 0.583331
vt 0.475447 0.581163
vt 0.850290 0.600630
vt 0.474062 0.578606
vt 0.477169 0.577911
vt 0.326416 0.265381
vt 0.327439 0.262426
vt 0.329109 0.263886
vt 0.670267 0.443718
vt 0.810223 0.283648
vt 0.814127 0.277195
vt 0.812820 0.281070
vt 0.854270 0.598162
vt 0.851135 0.598778
vt 0.493426 0.745202
vt 0.933549 0.387800
vt 0.934588 0.389463
vt 0.931095 0.391200
vt 0.849391 0.589287
vt 0.858001 0.578228
vt 0.956511 0.609981
vt 0.959506 0.603829
vt 0.961243 0.605213
vt 0.979343 0.585251
vt 0.979641 0.547703
vt 0.975782 0.571949
vt 0.723912 0.546538
vt 0.497352 0.572574
vt 0.497451 0.571976
vt 0.498734 0.572671
vt 0.452819 0.583268
vt 0.447916 0.577677
vt 0.868778 0.505191
vt 0.871573 0.508305
vt 0.868664 0.506491
vt 0.025849 0.186827
vt 0.026572 0.186829
vt 0.026840 0.187948
vt 0.546439 0.625124
vt 0.533181 0.610275
vt 0.927626 0.386577
vt 0.191842 0.271729
vt 0.192443 0.278001
vt 0.190007 0.279496
vt 0.309326 0.822824
vt 0.899791 0.279184
vt 0.898418 0.279794
vt 0.899852 0.276039
vt 0.280492 0.249102
vt 0.281057 0.252257
vt 0.280368 0.249223
vt 0.643180 0.296690
vt 0.644898 0.295959
vt 0.644577 0.298584
vt 0.952477 0.335415
vt 0.950344 0.338422
vt 0.951687 0.335179
vt 0.772071 0.375175
vt 0.773130 0.379016
vt 0.769621 0.377510
vt 0.419838 0.398033
vt 0.418328 0.395027
vt 0.420252 0.396967
vt 0.864236 0.370518
vt 0.867002 0.368341
vt 0.866856 0.371300
vt 0.815868 0.251777
vt 0.814727 0.249850
vt 0.815804 0.247776
vt 0.864054 0.368396
vt 0.861813 0.368751
vt 0.645307 0.510276
vt 0.647813 0.508457
vt 0.646384 0.511771
vt 0.732725 0.227943
vt 0.734454 0.227172
vt 0.734366 0.228554
vt 0.316690 0.545867
vt 0.321253 0.550278
vt 0.310488 0.549186
vt 0.313674 0.552583
vt 0.847582 0.979340
vt 0.846294 0.980221
vt 0.844241 0.979009
vt 0.967411 0.542401
vt 0.971619 0.538718
vt 0.958847 0.451466
vt 0.958324 0.439214
vt 0.966697 0.438485
vt 0.957604 0.435511
vt 0.045123 0.501329
vt 0.046189 0.500244
vt 0.046393 0.500655
vt 0.697623 0.405954
vt 0.703911 0.404049
vt 0.703689 0.408820
vt 0.988819 0.279522
vt 0.985892 0.277773
vt 0.986244 0.270947
vt 0.846117 0.204508
vt 0.847193 0.207339
vt 0.845705 0.205218
vt 0.973108 0.455674
vt 0.973559 0.463366
vt 0.529792 0.198715
vt 0.530847 0.198526
vt 0.531006 0.199951
vt 0.299378 0.813990
vt 0.301513 0.814119
vt 0.300106 0.815045
vt 0.042576 0.262615
vt 0.042330 0.259486
vt 0.044060 0.262980
vt 0.809336 0.552829
vt 0.810993 0.551468
vt 0.812785 0.556020
vt 0.392743 0.430263
vt 0.385412 0.423971
vt 0.822056 0.634346
vt 0.815955 0.635040
vt 0.818745 0.633242
vt 0.335886 0.459520
vt 0.151371 0.742791
vt 0.146948 0.746175
vt 0.143341 0.744392
vt 0.365721 0.287989
vt 0.363672 0.291307
vt 0.361710 0.287691
vt 0.318129 0.268986
vt 0.140656 0.310745
vt 0.142167 0.309417
vt 0.140257 0.313899
vt 0.356987 0.232310
vt 0.358154 0.231906
vt 0.356827 0.233459
vt 0.073623 0.681037
vt 0.074766 0.680062
vt 0.074465 0.680999
vt 0.355713 0.232804
vt 0.333433 0.460149
vt 0.334013 0.460167
vt 0.343018 0.938232
vt 0.343022 0.937744
vt 0.344482 0.937887
vt 0.153513 0.497198
vt 0.990775 0.979831
vt 0.915042 0.987937
vt 0.917125 0.985655
vt 0.134361 0.450069
vt 0.872226 0.414437
vt 0.870862 0.411072
vt 0.874290 0.410534
vt 0.573918 0.534969
vt 0.568649 0.534352
vt 0.580389 0.531130
vt 0.385343 0.698008
vt 0.390026 0.701373
vt 0.383526 0.700190
vt 0.986703 0.342179
vt 0.990980 0.347372
vt 0.986230 0.344133
vt 0.390109 0.698919
vt 0.811768 0.826543
vt 0.816496 0.827819
vt 0.813815 0.827438
vt 0.914708 0.986913
vt 0.835181 0.372951
vt 0.836801 0.368535
vt 0.837984 0.368924
vt 0.833342 0.370322
vt 0.840467 0.370830
vt 0.447021 0.648682
vt 0.445040 0.650146
vt 0.444580 0.648734
vt 0.991349 0.979451
vt 0.915075 0.990982
vt 0.097316 0.387152
vt 0.101199 0.386309
vt 0.103006 0.392559
vt 0.420138 0.383345
vt 0.458601 0.674030
vt 0.479235 0.662973
vt 0.475228 0.675348
vt 0.482105 0.670648
vt 0.456190 0.663486
vt 0.733813 0.459688
vt 0.728066 0.455281
vt 0.735673 0.455049
vt 0.187194 0.425022
vt 0.183838 0.416232
vt 0.191615 0.418026
vt 0.559870 0.605973
vt 0.555805 0.599472
vt 0.566556 0.601086
vt 0.184259 0.305281
vt 0.185899 0.304133
vt 0.187709 0.308015
vt 0.780040 0.481436
vt 0.764878 0.483724
vt 0.782536 0.473451
vt 0.672457 0.223168
vt 0.674039 0.224490
vt 0.674198 0.226257
vt 0.217701 0.631555
vt 0.217535 0.628703
vt 0.220937 0.629991
vt 0.926306 0.458753
vt 0.922620 0.457800
vt 0.925354 0.456299
vt 0.824763 0.389934
vt 0.822526 0.387755
vt 0.826267 0.386946
vt 0.412574 0.259261
vt 0.414736 0.258290
vt 0.413561 0.260471
vt 0.363158 0.277340
vt 0.363699 0.272047
vt 0.365814 0.279637
vt 0.474074 0.282505
vt 0.471274 0.285579
vt 0.471805 0.283053
vt 0.725382 0.459470
vt 0.726800 0.460005
vt 0.763195 0.282471
vt 0.764556 0.284031
vt 0.760986 0.283589
vt 0.936424 0.405581
vt 0.938681 0.394942
vt 0.938176 0.404843
vt 0.700914 0.539081
vt 0.701903 0.540229
vt 0.701095 0.540481
vt 0.570677 0.237780
vt 0.571530 0.236670
vt 0.572003 0.238037
vt 0.366893 0.279145
vt 0.365289 0.277400
vt 0.251268 0.261191
vt 0.251965 0.259033
vt 0.253504 0.261794
vt 0.005517 0.470315
vt 0.003187 0.468334
vt 0.001608 0.465853
vt 0.388426 0.777431
vt 0.389653 0.780837
vt 0.384750 0.775414
vt 0.394673 0.801932
vt 0.383812 0.801401
vt 0.944467 0.399990
vt 0.942993 0.400809
vt 0.943654 0.391004
vt 0.252606 0.262872
vt 0.625669 0.782467
vt 0.617962 0.787040
vt 0.610397 0.785720
vt 0.663627 0.526699
vt 0.663206 0.529018
vt 0.661859 0.528308
vt 0.934241 0.404240
vt 0.939881 0.404974
vt 0.153252 0.596820
vt 0.154208 0.587296
vt 0.157925 0.590924
vt 0.940240 0.403680
vt 0.759988 0.616946
vt 0.757614 0.618272
vt 0.756256 0.616672
vt 0.163164 0.975250
vt 0.165409 0.973727
vt 0.168426 0.975826
vt 0.667385 0.396238
vt 0.671395 0.398528
vt 0.670987 0.399093
vt 0.718814 0.209999
vt 0.717768 0.209463
vt 0.718487 0.209666
vt 0.982766 0.111247
vt 0.983755 0.110804
vt 0.982666 0.112060
vt 0.645264 0.481622
vt 0.644996 0.482178
vt 0.644775 0.480713
vt 0.717851 0.212690
vt 0.670283 0.400015
vt 0.138427 0.287837
vt 0.135587 0.289142
vt 0.136790 0.286006
vt 0.108671 0.407386
vt 0.107509 0.408090
vt 0.106689 0.406494
vt 0.513211 0.376108
vt 0.507050 0.372221
vt 0.507669 0.370456
vt 0.230987 0.328145
vt 0.229201 0.332982
vt 0.228581 0.329142
vt 0.768301 0.799037
vt 0.771072 0.798521
vt 0.769726 0.799636
vt 0.780399 0.359955
vt 0.780124 0.356733
vt 0.782930 0.356185
vt 0.454097 0.691631
vt 0.455525 0.678638
vt 0.509115 0.382910
vt 0.506344 0.375353
vt 0.506456 0.374155
vt 0.770558 0.801223
vt 0.243100 0.457831
vt 0.245462 0.455916
vt 0.245277 0.459337
vt 0.242715 0.458304
vt 0.263790 0.558408
vt 0.261529 0.558286
vt 0.263691 0.556720
vt 0.769996 0.802022
vt 0.738232 0.463553
vt 0.745153 0.466894
vt 0.739111 0.465507
vt 0.546826 0.599218
vt 0.554367 0.971797
vt 0.552136 0.967949
vt 0.557427 0.966763
vt 0.773320 0.485655
vt 0.764198 0.490716
vt 0.468630 0.479109
vt 0.463907 0.481900
vt 0.467486 0.477942
vt 0.940813 0.914449
vt 0.925629 0.906857
vt 0.952064 0.916120
vt 0.936237 0.896631
vt 0.546638 0.493048
vt 0.537983 0.495009
vt 0.389058 0.848963
vt 0.382419 0.853435
vt 0.636167 0.922180
vt 0.532535 0.396428
vt 0.528900 0.391180
vt 0.532892 0.388981
vt 0.391332 0.844374
vt 0.454973 0.377434
vt 0.453871 0.380890
vt 0.451373 0.376920
vt 0.381013 0.511436
vt 0.377719 0.509605
vt 0.385875 0.506066
vt 0.734596 0.390131
vt 0.726332 0.388584
vt 0.728554 0.387106
vt 0.829687 0.317315
vt 0.830426 0.322811
vt 0.826795 0.324815
vt 0.200788 0.401944
vt 0.194233 0.397982
vt 0.201722 0.393692
vt 0.384979 0.798540
vt 0.391167 0.790764
vt 0.383676 0.787846
vt 0.194479 0.394043
vt 0.377554 0.802707
vt 0.381104 0.799401
vt 0.646729 0.514629
vt 0.648695 0.514068
vt 0.647275 0.515580
vt 0.703888 0.744258
vt 0.704410 0.744860
vt 0.702683 0.743441
vt 0.650971 0.515265
vt 0.701062 0.744670
vt 0.702057 0.743408
vt 0.379360 0.797655
vt 0.187257 0.304073
vt 0.379655 0.791066
vt 0.379377 0.789892
vt 0.364013 0.486758
vt 0.360067 0.487498
vt 0.360526 0.483045
vt 0.701985 0.746193
vt 0.379502 0.780769
vt 0.818296 0.393018
vt 0.820521 0.391131
vt 0.577392 0.674778
vt 0.375977 0.788938
vt 0.381153 0.776394
vt 0.460773 0.986944
vt 0.512279 0.993571
vt 0.497545 0.998040
vt 0.511438 0.997167
vt 0.511736 0.998877
vt 0.255564 0.419243
vt 0.252487 0.401741
vt 0.257202 0.412568
vt 0.489378 0.990224
vt 0.801338 0.958028
vt 0.797627 0.958291
vt 0.795905 0.952876
vt 0.814977 0.949346
vt 0.816528 0.954418
vt 0.321334 0.510875
vt 0.326298 0.512667
vt 0.325444 0.515505
vt 0.442916 0.695960
vt 0.442504 0.692603
vt 0.952903 0.916824
vt 0.968950 0.910658
vt 0.964941 0.913883
vt 0.954616 0.897983
vt 0.916185 0.895653
vt 0.478948 0.491544
vt 0.478323 0.496497
vt 0.622136 0.390979
vt 0.618350 0.402146
vt 0.617371 0.402346
vt 0.467479 0.504188
vt 0.034050 0.511169
vt 0.029787 0.507960
vt 0.039502 0.502279
vt 0.809748 0.597756
vt 0.810881 0.603665
vt 0.799072 0.600202
vt 0.047696 0.135318
vt 0.049072 0.135010
vt 0.048357 0.135878
vt 0.149405 0.455417
vt 0.146763 0.459045
vt 0.144846 0.456009
vt 0.954361 0.894417
vt 0.954241 0.892707
vt 0.137013 0.420818
vt 0.128809 0.446620
vt 0.130646 0.422781
vt 0.607828 0.934741
vt 0.610686 0.932899
vt 0.613077 0.938761
vt 0.626525 0.394555
vt 0.141298 0.412594
vt 0.132670 0.410407
vt 0.598747 0.939409
vt 0.604177 0.928048
vt 0.602356 0.942091
vt 0.075439 0.730176
vt 0.076193 0.729736
vt 0.076904 0.730225
vt 0.468138 0.562186
vt 0.469299 0.562357
vt 0.470853 0.563890
vt 0.613230 0.972531
vt 0.616388 0.973117
vt 0.614260 0.973389
vt 0.129013 0.411976
vt 0.128985 0.409065
vt 0.131026 0.409508
vt 0.278297 0.637242
vt 0.278563 0.637705
vt 0.277420 0.638231
vt 0.009328 0.694880
vt 0.010695 0.696045
vt 0.009166 0.695568
vt 0.388219 0.131109
vt 0.388170 0.131915
vt 0.387105 0.131650
vt 0.961576 0.335586
vt 0.958422 0.334199
vt 0.959479 0.333443
vt 0.455696 0.224116
vt 0.454392 0.224881
vt 0.454638 0.222900
vt 0.546604 0.831592
vt 0.545434 0.831306
vt 0.543458 0.830204
vt 0.269981 0.642356
vt 0.278389 0.640512
vt 0.607480 0.947019
vt 0.352783 0.271729
vt 0.357177 0.278932
vt 0.354167 0.279315
vt 0.136474 0.205206
vt 0.134033 0.206787
vt 0.135380 0.201416
vt 0.142822 0.259336
vt 0.143873 0.255127
vt 0.144450 0.259842
vt 0.667236 0.888626
vt 0.311791 0.758000
vt 0.305219 0.756588
vt 0.131957 0.410916
vt 0.131114 0.414225
vt 0.313598 0.756479
vt 0.314135 0.756461
vt 0.469164 0.563782
vt 0.126635 0.411126
vt 0.611270 0.850176
vt 0.616080 0.849165
vt 0.613494 0.850883
vt 0.312980 0.756095
vt 0.313452 0.756357
vt 0.040283 0.509322
vt 0.040909 0.509058
vt 0.041420 0.510447
vt 0.062256 0.724309
vt 0.060791 0.724365
vt 0.061971 0.723877
vt 0.512736 0.226807
vt 0.513317 0.228160
vt 0.512350 0.226921
vt 0.405782 0.131576
vt 0.404597 0.131338
vt 0.405462 0.130693
vt 0.512054 0.227546
vt 0.412890 0.511635
vt 0.409782 0.510549
vt 0.411284 0.509759
vt 0.353603 0.722378
vt 0.352783 0.722412
vt 0.353071 0.721924
vt 0.312087 0.755573
vt 0.314646 0.755648
vt 0.680335 0.157959
vt 0.679932 0.157411
vt 0.680993 0.156494
vt 0.112060 0.836182
vt 0.111950 0.836670
vt 0.111572 0.836401
vt 0.681396 0.157240
vt 0.443642 0.541478
vt 0.441945 0.539886
vt 0.443525 0.539819
vt 0.406841 0.333772
vt 0.406676 0.333299
vt 0.407183 0.332746
vt 0.412243 0.331190
vt 0.445068 0.540531
vt 0.547590 0.831362
vt 0.468018 0.562906
vt 0.543599 0.832713
vt 0.410629 0.509200
vt 0.414986 0.507261
vt 0.416300 0.508075
vt 0.305672 0.753655
vt 0.307566 0.752817
vt 0.310909 0.751724
vt 0.668798 0.374909
vt 0.668963 0.370840
vt 0.672122 0.370926
vt 0.408751 0.331132
vt 0.410839 0.328806
vt 0.406927 0.334448
vt 0.411854 0.340508
vt 0.244213 0.582401
vt 0.755625 0.656847
vt 0.765261 0.660509
vt 0.761366 0.663540
vt 0.336458 0.853493
vt 0.331324 0.863226
vt 0.333695 0.853186
vt 0.210597 0.755110
vt 0.477435 0.564642
vt 0.480220 0.565479
vt 0.479357 0.567407
vt 0.214020 0.760802
vt 0.069862 0.711182
vt 0.071045 0.711263
vt 0.069580 0.711670
vt 0.235410 0.540865
vt 0.303467 0.702399
vt 0.302589 0.702881
vt 0.302002 0.702393
vt 0.102844 0.894607
vt 0.100893 0.894081
vt 0.101692 0.893988
vt 0.396932 0.127297
vt 0.397038 0.126221
vt 0.398193 0.127380
vt 0.128470 0.603956
vt 0.136075 0.600410
vt 0.134035 0.603798
vt 0.267508 0.491079
vt 0.269808 0.491495
vt 0.269952 0.492456
vt 0.863523 0.878154
vt 0.862760 0.878573
vt 0.862211 0.878095
vt 0.270145 0.492882
vt 0.269197 0.493896
vt 0.945557 0.162628
vt 0.947021 0.161377
vt 0.946538 0.162842
vt 0.272938 0.366850
vt 0.270606 0.368562
vt 0.269621 0.365312
vt 0.273166 0.366349
vt 0.514588 0.392317
vt 0.508786 0.397154
vt 0.508620 0.392350
vt 0.717558 0.628531
vt 0.373875 0.832939
vt 0.376342 0.829483
vt 0.377730 0.831749
vt 0.947908 0.230871
vt 0.945753 0.230216
vt 0.947877 0.228870
vt 0.364614 0.832086
vt 0.616328 0.517507
vt 0.613388 0.515366
vt 0.239130 0.379677
vt 0.235596 0.378460
vt 0.239920 0.377887
vt 0.033597 0.364711
vt 0.031633 0.366115
vt 0.032413 0.359894
vt 0.431678 0.993408
vt 0.432373 0.993583
vt 0.430908 0.993897
vt 0.933517 0.779876
vt 0.933020 0.779636
vt 0.935881 0.778706
vt 0.930290 0.781967
vt 0.216867 0.715018
vt 0.219343 0.715698
vt 0.219675 0.716136
vt 0.911909 0.365529
vt 0.915178 0.366513
vt 0.216612 0.714378
vt 0.007905 0.410949
vt 0.008382 0.407471
vt 0.011862 0.410418
vt 0.845737 0.368504
vt 0.846434 0.362494
vt 0.847104 0.366437
vt 0.843996 0.365756
vt 0.036224 0.358903
vt 0.976617 0.507993
vt 0.980224 0.509054
vt 0.979994 0.510498
vt 0.117288 0.341817
vt 0.114941 0.339081
vt 0.117104 0.337217
vt 0.119815 0.340455
vt 0.030567 0.365222
vt 0.029117 0.361637
vt 0.758676 0.389827
vt 0.760913 0.387845
vt 0.760903 0.392179
vt 0.708436 0.494384
vt 0.186997 0.712271
vt 0.184759 0.711897
vt 0.186649 0.709364
vt 0.935997 0.778996
vt 0.365079 0.826069
vt 0.357691 0.824744
vt 0.447510 0.289265
vt 0.448176 0.288119
vt 0.449547 0.289966
vt 0.515288 0.402173
vt 0.515207 0.401261
vt 0.516220 0.398889
vt 0.359382 0.833461
vt 0.516794 0.400944
vt 0.187211 0.711542
vt 0.186056 0.709321
vt 0.478271 0.119237
vt 0.476807 0.119873
vt 0.477330 0.117432
vt 0.979511 0.507089
vt 0.091421 0.668737
vt 0.091165 0.666461
vt 0.654127 0.119503
vt 0.654859 0.119902
vt 0.653564 0.121826
vt 0.448524 0.285584
vt 0.450624 0.286081
vt 0.547264 0.378685
vt 0.551454 0.381178
vt 0.550898 0.383273
vt 0.942699 0.574253
vt 0.940696 0.574288
vt 0.941785 0.573319
vt 0.510192 0.401478
vt 0.434499 0.474421
vt 0.438885 0.476892
vt 0.434060 0.478786
vt 0.495772 0.516846
vt 0.496491 0.518277
vt 0.495361 0.517063
vt 0.053466 0.332678
vt 0.052215 0.333253
vt 0.049642 0.327494
vt 0.192782 0.124756
vt 0.192860 0.122777
vt 0.194049 0.122428
vt 0.132642 0.812948
vt 0.136976 0.814729
vt 0.128094 0.812097
vt 0.061531 0.535958
vt 0.056224 0.539863
vt 0.049914 0.534084
vt 0.390989 0.746231
vt 0.367846 0.742037
vt 0.395366 0.731153
vt 0.389248 0.717207
vt 0.165318 0.251912
vt 0.164303 0.252195
vt 0.165100 0.248320
vt 0.303200 0.272598
vt 0.300733 0.272945
vt 0.300461 0.271851
vt 0.870092 0.882670
vt 0.870224 0.880851
vt 0.881298 0.882112
vt 0.878082 0.887419
vt 0.858949 0.885826
vt 0.554785 0.369613
vt 0.551412 0.365666
vt 0.527881 0.422424
vt 0.528190 0.428468
vt 0.524222 0.421843
vt 0.205664 0.488405
vt 0.201852 0.482897
vt 0.210611 0.481963
vt 0.569879 0.585095
vt 0.567651 0.586144
vt 0.570709 0.583184
vt 0.005754 0.614225
vt 0.004261 0.608223
vt 0.008454 0.612679
vt 0.935962 0.787918
vt 0.938232 0.788637
vt 0.937315 0.788818
vt 0.740708 0.262469
vt 0.739772 0.259965
vt 0.741943 0.261343
vt 0.726934 0.530688
vt 0.729030 0.524856
vt 0.733250 0.529019
vt 0.007009 0.606490
vt 0.012510 0.610894
vt 0.001774 0.613169
vt 0.241184 0.385291
vt 0.245004 0.384394
vt 0.244337 0.390991
vt 0.059405 0.343884
vt 0.057351 0.342139
vt 0.061744 0.337126
vt 0.523849 0.423008
vt 0.524131 0.424105
vt 0.054518 0.416964
vt 0.053375 0.415516
vt 0.055640 0.414654
vt 0.981936 0.524406
vt 0.984688 0.525599
vt 0.982378 0.525352
vt 0.142339 0.263745
vt 0.140944 0.264812
vt 0.141285 0.262904
vt 0.057212 0.417005
vt 0.009497 0.613888
vt 0.021443 0.218018
vt 0.022721 0.220344
vt 0.020843 0.218960
vt 0.981662 0.521238
vt 0.980925 0.525325
vt 0.034556 0.781687
vt 0.033537 0.781602
vt 0.034912 0.780518
vt 0.709961 0.560072
vt 0.709520 0.561995
vt 0.707275 0.561605
vt 0.216108 0.476995
vt 0.212493 0.479135
vt 0.212884 0.475438
vt 0.063198 0.343760
vt 0.245071 0.122513
vt 0.244642 0.121079
vt 0.245596 0.122803
vt 0.061396 0.349435
vt 0.059253 0.347309
vt 0.306669 0.326603
vt 0.311609 0.325326
vt 0.310419 0.330649
vt 0.012742 0.218516
vt 0.013310 0.218811
vt 0.011199 0.220550
vt 0.141589 0.262109
vt 0.665945 0.376350
vt 0.665035 0.373126
vt 0.142737 0.261510
vt 0.308732 0.332732
vt 0.859758 0.119511
vt 0.861052 0.121036
vt 0.860656 0.121604
vt 0.449077 0.477764
vt 0.451739 0.483717
vt 0.448947 0.486347
vt 0.144014 0.263136
vt 0.874301 0.496752
vt 0.872245 0.501708
vt 0.865870 0.504583
vt 0.141788 0.265381
vt 0.141105 0.264922
vt 0.450811 0.695524
vt 0.449819 0.694198
vt 0.516401 0.695628
vt 0.184740 0.760681
vt 0.300296 0.986717
vt 0.302220 0.985596
vt 0.303109 0.986611
vt 0.176408 0.761667
vt 0.131856 0.357744
vt 0.131737 0.350283
vt 0.133670 0.351391
vt 0.015879 0.261478
vt 0.014541 0.262420
vt 0.013369 0.259661
vt 0.453900 0.694802
vt 0.452118 0.694858
vt 0.013486 0.258545
vt 0.013626 0.254361
vt 0.015088 0.254072
vt 0.476067 0.427286
vt 0.475080 0.423196
vt 0.479153 0.427002
vt 0.848176 0.418217
vt 0.845330 0.417705
vt 0.850334 0.412940
vt 0.475128 0.427502
vt 0.853701 0.409890
vt 0.841759 0.462851
vt 0.834934 0.464087
vt 0.842090 0.462498
vt 0.842084 0.459928
vt 0.837602 0.459813
vt 0.838739 0.469161
vt 0.839258 0.464082
vt 0.114155 0.250314
vt 0.116454 0.243880
vt 0.115745 0.245571
vt 0.808030 0.250332
vt 0.806608 0.245644
vt 0.807503 0.244247
vt 0.206116 0.930768
vt 0.206894 0.931687
vt 0.345370 0.796604
vt 0.340654 0.799348
vt 0.337562 0.797829
vt 0.342859 0.798278
vt 0.444249 0.484216
vt 0.115206 0.244649
vt 0.783789 0.120860
vt 0.782641 0.119544
vt 0.783703 0.118530
vt 0.574960 0.943166
vt 0.565231 0.937064
vt 0.575258 0.941187
vt 0.746508 0.718746
vt 0.763461 0.718611
vt 0.746585 0.725541
vt 0.451246 0.323233
vt 0.970459 0.302002
vt 0.969997 0.303467
vt 0.968994 0.302639
vt 0.960556 0.281085
vt 0.960409 0.284043
vt 0.960866 0.282388
vt 0.929200 0.218066
vt 0.929097 0.216041
vt 0.930377 0.216345
vt 0.392986 0.839933
vt 0.103755 0.584634
vt 0.109525 0.585546
vt 0.100305 0.586682
vt 0.332302 0.868647
vt 0.334717 0.868408
vt 0.333310 0.869553
vt 0.236087 0.212590
vt 0.236132 0.211182
vt 0.237801 0.213820
vt 0.405417 0.732627
vt 0.407201 0.729860
vt 0.409488 0.735350
vt 0.187139 0.170176
vt 0.187256 0.171219
vt 0.185791 0.171631
vt 0.205852 0.425755
vt 0.208902 0.426619
vt 0.206494 0.427550
vt 0.408053 0.738194
vt 0.408596 0.744928
vt 0.406237 0.738888
vt 0.414145 0.739279
vt 0.410341 0.748816
vt 0.412505 0.756736
vt 0.410993 0.763454
vt 0.410711 0.753026
vt 0.407002 0.750709
vt 0.413757 0.747947
vt 0.413362 0.753252
vt 0.859049 0.269140
vt 0.857794 0.266709
vt 0.859919 0.268749
vt 0.370579 0.426016
vt 0.369861 0.425839
vt 0.370796 0.424858
vt 0.415572 0.763859
vt 0.413868 0.769881
vt 0.410699 0.773955
vt 0.406358 0.774332
vt 0.413723 0.777196
vt 0.221477 0.757131
vt 0.218908 0.758004
vt 0.216203 0.755675
vt 0.858050 0.160889
vt 0.856772 0.160428
vt 0.857576 0.159867
vt 0.156684 0.681096
vt 0.153627 0.679984
vt 0.156599 0.679461
vt 0.913787 0.882427
vt 0.912062 0.881138
vt 0.912966 0.881162
vt 0.544678 0.828369
vt 0.544550 0.828857
vt 0.543213 0.828827
vt 0.913625 0.881481
vt 0.560791 0.159951
vt 0.562167 0.160729
vt 0.561422 0.160889
vt 0.242984 0.620811
vt 0.240253 0.619141
vt 0.240839 0.618131
vt 0.400667 0.727966
vt 0.242176 0.617139
vt 0.150932 0.681047
vt 0.153678 0.681885
vt 0.051419 0.160233
vt 0.052327 0.159863
vt 0.050147 0.160015
vt 0.401005 0.720541
vt 0.397389 0.715620
vt 0.399151 0.716052
vt 0.011045 0.462209
vt 0.012800 0.447609
vt 0.564930 0.431639
vt 0.565592 0.430308
vt 0.567107 0.432216
vt 0.396067 0.733356
vt 0.400693 0.735977
vt 0.356533 0.836479
vt 0.354034 0.836807
vt 0.356319 0.834777
vt 0.397656 0.737826
vt 0.311279 0.158936
vt 0.310053 0.157943
vt 0.311031 0.157524
vt 0.192627 0.158936
vt 0.192804 0.158113
vt 0.194092 0.157471
vt 0.337950 0.424695
vt 0.340925 0.424641
vt 0.339433 0.425857
vt 0.349988 0.837612
vt 0.351062 0.836313
vt 0.415476 0.512019
vt 0.415295 0.511046
vt 0.416748 0.512451
vt 0.170893 0.983758
vt 0.168743 0.983737
vt 0.169049 0.982729
vt 0.340432 0.424428
vt 0.691677 0.812022
vt 0.689671 0.810607
vt 0.690907 0.810461
vt 0.399446 0.747623
vt 0.404447 0.734978
vt 0.693798 0.809899
vt 0.695063 0.811395
vt 0.696281 0.811062
vt 0.275769 0.157959
vt 0.275635 0.157139
vt 0.276711 0.156985
vt 0.021129 0.422495
vt 0.021200 0.421589
vt 0.022422 0.421143
vt 0.403697 0.720958
vt 0.408490 0.725780
vt 0.349480 0.839230
vt 0.351415 0.839279
vt 0.276515 0.156651
vt 0.505945 0.459056
vt 0.509818 0.453927
vt 0.510550 0.455391
vt 0.696376 0.812956
vt 0.028996 0.274723
vt 0.031022 0.277485
vt 0.030038 0.277708
vt 0.863455 0.283686
vt 0.861602 0.284985
vt 0.862885 0.283939
vt 0.459992 0.376843
vt 0.458280 0.375941
vt 0.458803 0.374276
vt 0.862282 0.282158
vt 0.863228 0.281856
vt 0.698533 0.812239
vt 0.863765 0.281636
vt 0.865590 0.282136
vt 0.697175 0.814850
vt 0.396027 0.306378
vt 0.398313 0.307983
vt 0.397995 0.308728
vt 0.399091 0.306510
vt 0.398816 0.307618
vt 0.398349 0.307689
vt 0.494385 0.890106
vt 0.494873 0.889893
vt 0.494596 0.890381
vt 0.399127 0.308493
vt 0.690388 0.156006
vt 0.689697 0.154541
vt 0.691162 0.154925
vt 0.706695 0.155410
vt 0.705413 0.155458
vt 0.706302 0.154541
vt 0.862113 0.285172
vt 0.863396 0.286256
vt 0.862909 0.287662
vt 0.862239 0.286508
vt 0.686041 0.155186
vt 0.686675 0.155595
vt 0.685791 0.156006
vt 0.928864 0.105079
vt 0.929443 0.106201
vt 0.928747 0.106042
vt 0.864521 0.285093
vt 0.515869 0.154541
vt 0.517334 0.154706
vt 0.516496 0.156006
vt 0.405037 0.736442
vt 0.404381 0.737040
vt 0.305663 0.713612
vt 0.303955 0.713623
vt 0.304791 0.713001
vt 0.405549 0.737693
vt 0.863762 0.286933
vt 0.397499 0.309577
vt 0.400207 0.310977
vt 0.260139 0.476336
vt 0.260479 0.475225
vt 0.263075 0.476543
vt 0.031500 0.279237
vt 0.192139 0.106213
vt 0.190877 0.106968
vt 0.191012 0.105042
vt 0.916269 0.295431
vt 0.918564 0.294525
vt 0.919086 0.297344
vt 0.399375 0.309735
vt 0.400118 0.308887
vt 0.861918 0.283638
vt 0.056288 0.156297
vt 0.056155 0.156982
vt 0.055475 0.156110
vt 0.910889 0.446895
vt 0.910802 0.448003
vt 0.910400 0.446533
vt 0.399680 0.307380
vt 0.465690 0.378937
vt 0.462316 0.380032
vt 0.401947 0.752625
vt 0.307100 0.712260
vt 0.020003 0.441517
vt 0.016113 0.457296
vt 0.013729 0.461568
vt 0.046711 0.256457
vt 0.046143 0.253577
vt 0.047832 0.256334
vt 0.992226 0.363942
vt 0.993586 0.371156
vt 0.991569 0.365691
vt 0.995096 0.364234
vt 0.405424 0.755781
vt 0.399204 0.768674
vt 0.396736 0.768096
vt 0.402900 0.760988
vt 0.997095 0.370420
vt 0.993631 0.375051
vt 0.393267 0.772795
vt 0.393884 0.773841
vt 0.697596 0.542582
vt 0.692088 0.540789
vt 0.698573 0.535778
vt 0.691946 0.534807
vt 0.822887 0.096512
vt 0.823546 0.099141
vt 0.822516 0.096137
vt 0.752197 0.102295
vt 0.751672 0.101784
vt 0.753359 0.099398
vt 0.085693 0.109261
vt 0.084496 0.108142
vt 0.085131 0.108412
vt 0.759520 0.610263
vt 0.759980 0.607172
vt 0.763494 0.609411
vt 0.515601 0.495592
vt 0.512434 0.490890
vt 0.515451 0.487536
vt 0.694197 0.301223
vt 0.696498 0.296617
vt 0.696609 0.299105
vt 0.406870 0.768063
vt 0.368923 0.354014
vt 0.367705 0.352159
vt 0.372028 0.354196
vt 0.880345 0.100193
vt 0.880339 0.098786
vt 0.881342 0.097203
vt 0.317069 0.229051
vt 0.315716 0.230224
vt 0.315509 0.228481
vt 0.755213 0.604984
vt 0.517126 0.487130
vt 0.518906 0.488959
vt 0.004999 0.445384
vt 0.002239 0.445061
vt 0.004362 0.444006
vt 0.134301 0.248587
vt 0.132676 0.252555
vt 0.131816 0.250722
vt 0.518550 0.531434
vt 0.517097 0.532234
vt 0.515869 0.530598
vt 0.757885 0.603392
vt 0.749584 0.601177
vt 0.751337 0.607867
vt 0.694106 0.304836
vt 0.693054 0.305419
vt 0.047350 0.258382
vt 0.049560 0.258012
vt 0.518794 0.491914
vt 0.752582 0.600304
vt 0.214869 0.493029
vt 0.214201 0.486408
vt 0.217763 0.487956
vt 0.404065 0.779968
vt 0.389563 0.655491
vt 0.387939 0.654552
vt 0.389947 0.653766
vt 0.938078 0.855029
vt 0.940185 0.855704
vt 0.939485 0.856680
vt 0.545764 0.960120
vt 0.543504 0.961102
vt 0.544654 0.959057
vt 0.752267 0.643202
vt 0.750028 0.644686
vt 0.750684 0.642192
vt 0.353187 0.471389
vt 0.350706 0.479723
vt 0.347261 0.475471
vt 0.939668 0.794740
vt 0.943115 0.795452
vt 0.942889 0.795782
vt 0.752671 0.644294
vt 0.549034 0.962585
vt 0.546348 0.962519
vt 0.936682 0.855198
vt 0.755615 0.642384
vt 0.753708 0.642344
vt 0.447065 0.306085
vt 0.447987 0.303834
vt 0.451046 0.305382
vt 0.354289 0.478449
vt 0.989228 0.863787
vt 0.993628 0.861003
vt 0.999018 0.864630
vt 0.413923 0.798493
vt 0.410959 0.800310
vt 0.407876 0.792665
vt 0.411691 0.785911
vt 0.412736 0.785405
vt 0.416648 0.786017
vt 0.792379 0.394704
vt 0.793422 0.392962
vt 0.795332 0.394124
vt 0.428502 0.556380
vt 0.430759 0.554932
vt 0.430236 0.557856
vt 0.119919 0.142822
vt 0.120849 0.143758
vt 0.119632 0.143909
vt 0.570796 0.359121
vt 0.572021 0.360758
vt 0.570266 0.361493
vt 0.565922 0.359087
vt 0.578380 0.400116
vt 0.579622 0.401299
vt 0.575615 0.399219
vt 0.359046 0.216923
vt 0.358345 0.214548
vt 0.359723 0.215109
vt 0.574951 0.572424
vt 0.573398 0.572683
vt 0.574374 0.571657
vt 0.572632 0.572004
vt 0.730036 0.409115
vt 0.727669 0.406708
vt 0.730484 0.406879
vt 0.578744 0.401735
vt 0.577106 0.397778
vt 0.171561 0.137160
vt 0.172561 0.137087
vt 0.172021 0.138216
vt 0.398999 0.789885
vt 0.756185 0.301841
vt 0.755911 0.304379
vt 0.754815 0.300900
vt 0.012270 0.469409
vt 0.014527 0.477142
vt 0.008811 0.477603
vt 0.756911 0.300038
vt 0.758125 0.299789
vt 0.757865 0.301609
vt 0.936768 0.386834
vt 0.937224 0.385986
vt 0.937256 0.387451
vt 0.757634 0.296018
vt 0.886178 0.218649
vt 0.885426 0.219379
vt 0.885088 0.218602
vt 0.886477 0.220519
vt 0.887163 0.221293
vt 0.981637 0.108712
vt 0.980798 0.107763
vt 0.980881 0.106752
vt 0.396749 0.780980
vt 0.396926 0.779608
vt 0.755823 0.298259
vt 0.630603 0.460087
vt 0.633032 0.459398
vt 0.632360 0.461670
vt 0.625732 0.386436
vt 0.625244 0.386475
vt 0.625643 0.385010
vt 0.391951 0.813041
vt 0.888363 0.244167
vt 0.888562 0.249191
vt 0.887451 0.245335
vt 0.401123 0.783519
vt 0.403575 0.808722
vt 0.407718 0.800850
vt 0.397059 0.820671
vt 0.403134 0.815798
vt 0.411654 0.807898
vt 0.407711 0.812064
vt 0.411612 0.803556
vt 0.690443 0.394304
vt 0.685216 0.394161
vt 0.688964 0.392857
vt 0.395876 0.833955
vt 0.876874 0.356126
vt 0.878102 0.350626
vt 0.881452 0.352991
vt 0.404857 0.810554
vt 0.400319 0.825492
vt 0.400608 0.831744
vt 0.399046 0.831634
vt 0.876792 0.350444
vt 0.286216 0.281593
vt 0.285071 0.282414
vt 0.285765 0.278743
vt 0.297155 0.399908
vt 0.294560 0.397593
vt 0.296165 0.393106
vt 0.493081 0.248879
vt 0.492022 0.245734
vt 0.494494 0.247253
vt 0.875517 0.354312
vt 0.289339 0.931618
vt 0.289162 0.930631
vt 0.291839 0.934776
vt 0.399508 0.841154
vt 0.538253 0.939891
vt 0.535083 0.939381
vt 0.538161 0.938102
vt 0.104620 0.791820
vt 0.108592 0.791921
vt 0.108241 0.792724
vt 0.370166 0.808272
vt 0.366062 0.807950
vt 0.367178 0.807058
vt 0.630544 0.709172
vt 0.624528 0.709322
vt 0.627378 0.709149
vt 0.369744 0.807408
vt 0.535761 0.939562
vt 0.842730 0.313139
vt 0.844712 0.311464
vt 0.845958 0.314238
vt 0.174560 0.313661
vt 0.173355 0.314239
vt 0.174036 0.313244
vt 0.127030 0.588639
vt 0.130689 0.592469
vt 0.125998 0.596203
vt 0.967121 0.396652
vt 0.962956 0.398887
vt 0.963614 0.392246
vt 0.476300 0.379626
vt 0.479303 0.379135
vt 0.478198 0.382470
vt 0.959271 0.399807
vt 0.948808 0.861572
vt 0.948546 0.862590
vt 0.946594 0.862974
vt 0.784020 0.324144
vt 0.786706 0.326780
vt 0.782350 0.321590
vt 0.114708 0.598055
vt 0.113365 0.588147
vt 0.220923 0.264741
vt 0.220334 0.265145
vt 0.222744 0.261648
vt 0.640083 0.696732
vt 0.610690 0.696181
vt 0.731309 0.609308
vt 0.728635 0.598859
vt 0.600073 0.361379
vt 0.599395 0.355286
vt 0.602748 0.356913
vt 0.618590 0.677545
vt 0.031672 0.410781
vt 0.027771 0.411082
vt 0.031110 0.411389
vt 0.569084 0.429576
vt 0.568277 0.429844
vt 0.566657 0.426924
vt 0.846236 0.475232
vt 0.847424 0.475115
vt 0.846594 0.475631
vt 0.409424 0.406494
vt 0.410889 0.407959
vt 0.410508 0.407938
vt 0.642239 0.940847
vt 0.643171 0.940874
vt 0.645150 0.941480
vt 0.108246 0.319913
vt 0.111894 0.325733
vt 0.109083 0.325429
vt 0.598385 0.671015
vt 0.623716 0.664056
vt 0.590942 0.683552
vt 0.605101 0.690549
vt 0.957993 0.301230
vt 0.956852 0.302335
vt 0.955535 0.299933
vt 0.433023 0.398827
vt 0.434293 0.398991
vt 0.434326 0.400146
vt 0.656063 0.656618
vt 0.655166 0.657007
vt 0.645263 0.942139
vt 0.579834 0.397947
vt 0.578369 0.398193
vt 0.579549 0.396729
vt 0.672007 0.121604
vt 0.671913 0.122717
vt 0.671143 0.121141
vt 0.905958 0.395752
vt 0.906802 0.396733
vt 0.905518 0.396381
vt 0.815100 0.396794
vt 0.813794 0.395900
vt 0.814629 0.396084
vt 0.509164 0.237468
vt 0.510651 0.235596
vt 0.510379 0.237193
vt 0.563199 0.262019
vt 0.564896 0.259794
vt 0.564755 0.260520
vt 0.576681 0.417708
vt 0.573835 0.416456
vt 0.577736 0.415683
vt 0.254098 0.560363
vt 0.258962 0.560216
vt 0.262673 0.563336
vt 0.652022 0.649591
vt 0.654786 0.650010
vt 0.602020 0.718713
vt 0.597988 0.719302
vt 0.595591 0.716737
vt 0.238933 0.397500
vt 0.239990 0.397497
vt 0.239157 0.398193
vt 0.621472 0.260221
vt 0.619325 0.262164
vt 0.619835 0.260058
vt 0.193781 0.273409
vt 0.195712 0.272583
vt 0.196755 0.274570
vt 0.375793 0.327134
vt 0.372045 0.326817
vt 0.373734 0.325360
vt 0.254362 0.557178
vt 0.196194 0.280084
vt 0.195813 0.278130
vt 0.375639 0.323569
vt 0.374192 0.320851
vt 0.647424 0.632766
vt 0.597673 0.716155
vt 0.372708 0.319763
vt 0.407820 0.389893
vt 0.407959 0.390025
vt 0.406494 0.391357
vt 0.530827 0.800537
vt 0.530518 0.799072
vt 0.532626 0.799519
vt 0.532959 0.800321
vt 0.264459 0.581495
vt 0.254361 0.575988
vt 0.267428 0.577541
vt 0.991560 0.652348
vt 0.997338 0.655816
vt 0.997015 0.656748
vt 0.335335 0.373272
vt 0.333252 0.373615
vt 0.334018 0.372315
vt 0.262850 0.572277
vt 0.998759 0.657764
vt 0.999326 0.655534
vt 0.584943 0.523369
vt 0.584166 0.526784
vt 0.580988 0.525947
vt 0.432110 0.352783
vt 0.434530 0.356926
vt 0.431325 0.352307
vt 0.432452 0.359338
vt 0.436840 0.358627
vt 0.433003 0.362424
vt 0.997665 0.653447
vt 0.510105 0.120999
vt 0.509609 0.122133
vt 0.509033 0.121956
vt 0.955710 0.216395
vt 0.954163 0.219482
vt 0.954439 0.217356
vt 0.431249 0.353299
vt 0.094482 0.561768
vt 0.093697 0.563232
vt 0.092041 0.562321
vt 0.380615 0.235107
vt 0.378773 0.232798
vt 0.380305 0.233597
vt 0.479831 0.569538
vt 0.479649 0.570233
vt 0.477447 0.568994
vt 0.358997 0.385498
vt 0.358643 0.384033
vt 0.360107 0.385377
vt 0.490072 0.555125
vt 0.478256 0.561607
vt 0.478575 0.551107
vt 0.990432 0.249801
vt 0.988835 0.251639
vt 0.989172 0.247758
vt 0.880794 0.470332
vt 0.888561 0.467307
vt 0.828722 0.298372
vt 0.830988 0.301533
vt 0.827705 0.300347
vt 0.323681 0.764893
vt 0.321569 0.764639
vt 0.323747 0.763516
vt 0.669619 0.667748
vt 0.673280 0.668279
vt 0.672665 0.670574
vt 0.474292 0.575063
vt 0.466668 0.567355
vt 0.473903 0.572070
vt 0.043886 0.331713
vt 0.044183 0.328580
vt 0.045865 0.332696
vt 0.321607 0.122803
vt 0.320557 0.121812
vt 0.321678 0.121131
vt 0.285001 0.451757
vt 0.277021 0.447887
vt 0.278576 0.444376
vt 0.991365 0.247482
vt 0.991195 0.245587
vt 0.469662 0.556320
vt 0.472671 0.562713
vt 0.472629 0.563620
vt 0.252082 0.984927
vt 0.249456 0.984817
vt 0.251754 0.984084
vt 0.464565 0.575936
vt 0.044960 0.326541
vt 0.849812 0.479074
vt 0.847723 0.476117
vt 0.668521 0.668414
vt 0.496858 0.309294
vt 0.496340 0.312172
vt 0.494571 0.309281
vt 0.041026 0.327492
vt 0.817252 0.295335
vt 0.820197 0.295596
vt 0.819253 0.298306
vt 0.815979 0.830414
vt 0.832126 0.836896
vt 0.814331 0.834813
vt 0.708174 0.891906
vt 0.692934 0.884169
vt 0.701346 0.886660
vt 0.834349 0.834118
vt 0.754927 0.446002
vt 0.751801 0.443015
vt 0.756463 0.443902
vt 0.459160 0.562084
vt 0.367610 0.392194
vt 0.368978 0.387292
vt 0.375221 0.390008
vt 0.453711 0.549220
vt 0.453606 0.541480
vt 0.455134 0.566817
vt 0.460175 0.540207
vt 0.372764 0.382872
vt 0.248918 0.952404
vt 0.242961 0.959305
vt 0.242998 0.947980
vt 0.504258 0.608747
vt 0.510232 0.607587
vt 0.448383 0.561417
vt 0.446880 0.554470
vt 0.452819 0.549954
vt 0.203857 0.361084
vt 0.202393 0.360142
vt 0.203708 0.359619
vt 0.179872 0.952400
vt 0.180015 0.942913
vt 0.182130 0.950386
vt 0.847547 0.474289
vt 0.253881 0.583860
vt 0.261491 0.580142
vt 0.564158 0.426907
vt 0.824463 0.121089
vt 0.825708 0.119397
vt 0.825652 0.121241
vt 0.141591 0.560799
vt 0.144001 0.577073
vt 0.851711 0.364737
vt 0.754647 0.325926
vt 0.755033 0.330343
vt 0.751764 0.324425
vt 0.551267 0.277742
vt 0.552399 0.276959
vt 0.553466 0.280164
vt 0.203026 0.939594
vt 0.190203 0.937810
vt 0.194470 0.933255
vt 0.745374 0.509073
vt 0.733604 0.509467
vt 0.755587 0.490345
vt 0.702667 0.458740
vt 0.702657 0.457478
vt 0.704628 0.455893
vt 0.643834 0.742898
vt 0.645695 0.745269
vt 0.645022 0.742653
vt 0.818953 0.318606
vt 0.817280 0.320068
vt 0.814607 0.316517
vt 0.817859 0.317864
vt 0.868546 0.864961
vt 0.877225 0.867294
vt 0.879419 0.874970
vt 0.646841 0.742081
vt 0.647313 0.744108
vt 0.750647 0.325191
vt 0.750781 0.322947
vt 0.872390 0.864625
vt 0.874619 0.865577
vt 0.816453 0.315791
vt 0.253174 0.964460
vt 0.253887 0.964111
vt 0.254639 0.964600
vt 0.688263 0.412152
vt 0.689866 0.412550
vt 0.687994 0.412789
vt 0.053382 0.103112
vt 0.053642 0.101881
vt 0.053502 0.103954
vt 0.142604 0.964111
vt 0.143310 0.964600
vt 0.141846 0.964347
vt 0.688447 0.413818
vt 0.882080 0.347568
vt 0.883501 0.347058
vt 0.882466 0.348389
vt 0.777958 0.257176
vt 0.779876 0.254102
vt 0.779560 0.256718
vt 0.246157 0.238070
vt 0.246931 0.239518
vt 0.245691 0.238962
vt 0.245410 0.238037
vt 0.691613 0.411449
vt 0.509050 0.259060
vt 0.506738 0.258243
vt 0.506429 0.256273
vt 0.054005 0.103902
vt 0.249593 0.349935
vt 0.248291 0.350145
vt 0.249152 0.349149
vt 0.082214 0.409277
vt 0.079791 0.411134
vt 0.082253 0.408217
vt 0.662354 0.346412
vt 0.663256 0.345117
vt 0.662823 0.346436
vt 0.516314 0.121566
vt 0.516393 0.119514
vt 0.517334 0.120547
vt 0.635863 0.849943
vt 0.642722 0.847332
vt 0.641123 0.854276
vt 0.858066 0.859994
vt 0.854264 0.848762
vt 0.869871 0.845679
vt 0.632219 0.331143
vt 0.636037 0.331201
vt 0.636933 0.333833
vt 0.298592 0.388495
vt 0.299011 0.384340
vt 0.301177 0.385792
vt 0.504621 0.436104
vt 0.504243 0.435567
vt 0.502839 0.434050
vt 0.385439 0.220198
vt 0.385810 0.221224
vt 0.385116 0.221435
vt 0.663818 0.344971
vt 0.645517 0.846940
vt 0.503731 0.433909
vt 0.854416 0.870914
vt 0.860082 0.868335
vt 0.861878 0.873034
vt 0.636085 0.857720
vt 0.633413 0.851105
vt 0.000835 0.267498
vt 0.001416 0.264893
vt 0.002245 0.266483
vt 0.508319 0.284080
vt 0.507617 0.288286
vt 0.505157 0.284905
vt 0.459546 0.121718
vt 0.458252 0.120705
vt 0.459318 0.119449
vt 0.081430 0.406424
vt 0.182596 0.974676
vt 0.188346 0.973183
vt 0.180012 0.977930
vt 0.866081 0.839423
vt 0.813624 0.345416
vt 0.812744 0.343994
vt 0.814209 0.344368
vt 0.598514 0.339064
vt 0.076086 0.411100
vt 0.075533 0.408205
vt 0.444490 0.560457
vt 0.441576 0.558561
vt 0.445750 0.559155
vt 0.672703 0.334984
vt 0.671519 0.338457
vt 0.669459 0.335382
vt 0.324721 0.847350
vt 0.332037 0.850967
vt 0.238672 0.948201
vt 0.239750 0.947787
vt 0.205450 0.119385
vt 0.206787 0.119568
vt 0.205999 0.120630
vt 0.446615 0.557059
vt 0.445216 0.553712
vt 0.441803 0.550828
vt 0.906553 0.293097
vt 0.907695 0.290117
vt 0.909988 0.292985
vt 0.296696 0.366621
vt 0.299175 0.365259
vt 0.296084 0.368046
vt 0.446280 0.543826
vt 0.445842 0.549840
vt 0.442463 0.545299
vt 0.940289 0.844165
vt 0.939722 0.846249
vt 0.938013 0.845632
vt 0.262769 0.579217
vt 0.480830 0.343399
vt 0.479736 0.344482
vt 0.480852 0.342204
vt 0.637244 0.316019
vt 0.636833 0.317139
vt 0.635986 0.316308
vt 0.809677 0.210693
vt 0.808110 0.206971
vt 0.809932 0.208337
vt 0.675026 0.671351
vt 0.674920 0.670465
vt 0.384033 0.219699
vt 0.384890 0.218018
vt 0.669595 0.415804
vt 0.666260 0.417724
vt 0.668680 0.414873
vt 0.482177 0.342335
vt 0.225832 0.497584
vt 0.229124 0.503210
vt 0.227297 0.507048
vt 0.218518 0.498690
vt 0.220414 0.507816
vt 0.216536 0.506669
vt 0.225856 0.509174
vt 0.222448 0.513319
vt 0.385565 0.218545
vt 0.386474 0.219119
vt 0.221105 0.497194
vt 0.224848 0.505868
vt 0.802315 0.208640
vt 0.802725 0.205732
vt 0.803723 0.209416
vt 0.989520 0.465532
vt 0.986576 0.464195
vt 0.988301 0.462011
vt 0.084309 0.404632
vt 0.084631 0.405627
vt 0.535430 0.802546
vt 0.534058 0.801845
vt 0.536004 0.801025
vt 0.199967 0.960363
vt 0.202185 0.956111
vt 0.183539 0.958064
vt 0.813328 0.120849
vt 0.812744 0.118408
vt 0.814209 0.119300
vt 0.596493 0.272215
vt 0.599076 0.271837
vt 0.597929 0.274170
vt 0.030747 0.305277
vt 0.032310 0.307451
vt 0.029396 0.306741
vt 0.295557 0.971350
vt 0.302747 0.971160
vt 0.299404 0.972939
vt 0.184789 0.951985
vt 0.597670 0.271318
vt 0.711457 0.469433
vt 0.709382 0.468904
vt 0.709964 0.466931
vt 0.696890 0.376781
vt 0.698035 0.380757
vt 0.694285 0.380024
vt 0.303466 0.972533
vt 0.030454 0.300956
vt 0.717992 0.634063
vt 0.225190 0.588315
vt 0.220179 0.570288
vt 0.891640 0.219589
vt 0.892916 0.218746
vt 0.893059 0.221257
vt 0.732368 0.635456
vt 0.180510 0.966958
vt 0.181367 0.969718
vt 0.167264 0.963022
vt 0.608226 0.548327
vt 0.595699 0.540161
vt 0.619783 0.548485
vt 0.131918 0.994133
vt 0.138132 0.979861
vt 0.129475 0.987703
vt 0.671523 0.478155
vt 0.667928 0.475627
vt 0.672406 0.473226
vt 0.244621 0.314912
vt 0.242438 0.316133
vt 0.243808 0.314048
vt 0.242825 0.314056
vt 0.520575 0.565237
vt 0.542054 0.563142
vt 0.535278 0.570761
vt 0.130797 0.998143
vt 0.126612 0.992861
vt 0.521240 0.278829
vt 0.519997 0.278891
vt 0.520123 0.277588
vt 0.859619 0.366943
vt 0.896504 0.275890
vt 0.894657 0.277358
vt 0.896196 0.273059
vt 0.654928 0.276391
vt 0.653718 0.277069
vt 0.653733 0.272339
vt 0.710642 0.272829
vt 0.711363 0.271729
vt 0.711670 0.273035
vt 0.759726 0.252477
vt 0.758869 0.251178
vt 0.761136 0.251290
vt 0.693595 0.273193
vt 0.693383 0.272441
vt 0.693746 0.272717
vt 0.803055 0.310723
vt 0.803583 0.309541
vt 0.804171 0.309763
vt 0.399428 0.335027
vt 0.398527 0.334779
vt 0.397637 0.333984
vt 0.483643 0.308838
vt 0.484609 0.309715
vt 0.483693 0.309346
vt 0.398349 0.336684
vt 0.355771 0.817766
vt 0.358529 0.818487
vt 0.361970 0.819648
vt 0.126640 0.995635
vt 0.120826 0.999451
vt 0.184814 0.999540
vt 0.187256 0.999268
vt 0.186994 0.999756
vt 0.927065 0.410871
vt 0.929334 0.409845
vt 0.926198 0.411760
vt 0.653026 0.275289
vt 0.448008 0.571005
vt 0.446968 0.566274
vt 0.449148 0.569922
vt 0.164615 0.282451
vt 0.166466 0.282597
vt 0.166998 0.283227
vt 0.165346 0.281858
vt 0.449998 0.567561
vt 0.171633 0.289280
vt 0.169484 0.288431
vt 0.171092 0.285630
vt 0.165720 0.286794
vt 0.164700 0.287547
vt 0.164378 0.284464
vt 0.168171 0.285322
vt 0.672420 0.101183
vt 0.673320 0.100985
vt 0.672908 0.102831
vt 0.654679 0.269306
vt 0.653656 0.269092
vt 0.161157 0.351711
vt 0.157199 0.353068
vt 0.160342 0.350199
vt 0.653445 0.273910
vt 0.121584 0.982497
vt 0.605227 0.510634
vt 0.604957 0.509173
vt 0.606771 0.509825
vt 0.760015 0.247551
vt 0.802292 0.309668
vt 0.608871 0.511639
vt 0.803355 0.308968
vt 0.541307 0.267949
vt 0.541020 0.266677
vt 0.542083 0.266656
vt 0.400304 0.336660
vt 0.603760 0.269801
vt 0.605120 0.269213
vt 0.605074 0.270250
vt 0.745789 0.205368
vt 0.744780 0.204439
vt 0.744947 0.201486
vt 0.653447 0.267609
vt 0.652672 0.272982
vt 0.229664 0.485251
vt 0.227909 0.483294
vt 0.231189 0.484000
vt 0.126124 0.970181
vt 0.127879 0.976110
vt 0.128301 0.977970
vt 0.595224 0.390511
vt 0.591527 0.388496
vt 0.592228 0.387939
vt 0.463328 0.265381
vt 0.463135 0.263916
vt 0.464599 0.264574
vt 0.849940 0.859693
vt 0.852716 0.864320
vt 0.840849 0.856848
vt 0.294907 0.427363
vt 0.290651 0.427573
vt 0.290650 0.424611
vt 0.848793 0.844171
vt 0.110862 0.985684
vt 0.119506 0.990960
vt 0.113963 0.974788
vt 0.528061 0.560160
vt 0.820980 0.361419
vt 0.817398 0.360628
vt 0.817289 0.355019
vt 0.820104 0.351065
vt 0.822679 0.355536
vt 0.203794 0.101153
vt 0.204394 0.097652
vt 0.204452 0.098742
vt 0.819036 0.346941
vt 0.819809 0.349687
vt 0.613193 0.471584
vt 0.612592 0.475018
vt 0.611158 0.467034
vt 0.818296 0.344990
vt 0.055988 0.379494
vt 0.054890 0.385849
vt 0.053997 0.383519
vt 0.616220 0.705991
vt 0.612614 0.466054
vt 0.852560 0.862301
vt 0.852182 0.856346
vt 0.853153 0.857936
vt 0.851523 0.858351
vt 0.726789 0.365018
vt 0.721201 0.363249
vt 0.726291 0.359893
vt 0.291493 0.429354
vt 0.725040 0.365654
vt 0.127411 0.256292
vt 0.127354 0.255173
vt 0.128566 0.255822
vt 0.847501 0.873646
vt 0.838956 0.866737
vt 0.852848 0.872415
vt 0.840323 0.871813
vt 0.843483 0.872565
vt 0.841244 0.874316
vt 0.836377 0.867576
vt 0.441927 0.964448
vt 0.443929 0.962865
vt 0.446756 0.963313
vt 0.838277 0.861730
vt 0.837032 0.873357
vt 0.539955 0.553431
vt 0.853923 0.856028
vt 0.840568 0.849310
vt 0.838519 0.841322
vt 0.849441 0.876496
vt 0.843321 0.875834
vt 0.058633 0.400958
vt 0.055069 0.399338
vt 0.057472 0.397677
vt 0.210841 0.200659
vt 0.211733 0.205369
vt 0.210334 0.205389
vt 0.838941 0.839697
vt 0.591392 0.102555
vt 0.590088 0.102372
vt 0.590558 0.101019
vt 0.588035 0.340322
vt 0.588022 0.338610
vt 0.589406 0.339494
vt 0.999099 0.358393
vt 0.997566 0.358871
vt 0.998546 0.357508
vt 0.586974 0.341116
vt 0.552066 0.560225
vt 0.555802 0.557779
vt 0.523980 0.313094
vt 0.524937 0.311309
vt 0.527880 0.314154
vt 0.508403 0.361530
vt 0.508842 0.365643
vt 0.503592 0.364581
vt 0.742590 0.620477
vt 0.750991 0.620661
vt 0.478727 0.999122
vt 0.472443 0.994787
vt 0.480838 0.995813
vt 0.493065 0.628894
vt 0.590518 0.938221
vt 0.589754 0.940784
vt 0.581320 0.939803
vt 0.905515 0.931473
vt 0.910401 0.932099
vt 0.908845 0.931962
vt 0.500273 0.617746
vt 0.502052 0.620934
vt 0.831152 0.466584
vt 0.485608 0.616999
vt 0.489927 0.611406
vt 0.202966 0.929991
vt 0.194981 0.930075
vt 0.501556 0.613478
vt 0.148945 0.433944
vt 0.148291 0.430313
vt 0.153282 0.430667
vt 0.338286 0.499306
vt 0.337594 0.498973
vt 0.337894 0.497201
vt 0.341472 0.496569
vt 0.130004 0.498700
vt 0.127717 0.499024
vt 0.128521 0.497676
vt 0.934852 0.999658
vt 0.937180 0.999374
vt 0.935515 0.999746
vt 0.130475 0.500648
vt 0.779309 0.201904
vt 0.778564 0.200440
vt 0.780029 0.201083
vt 0.882024 0.319584
vt 0.884138 0.323308
vt 0.882181 0.324242
vt 0.029950 0.622260
vt 0.030683 0.625524
vt 0.025806 0.621968
vt 0.184058 0.937222
vt 0.184893 0.934904
vt 0.064784 0.224818
vt 0.064551 0.223602
vt 0.066162 0.221924
vt 0.854583 0.833901
vt 0.857400 0.464299
vt 0.862249 0.464219
vt 0.858360 0.472158
vt 0.212244 0.200332
vt 0.252529 0.210011
vt 0.253227 0.213623
vt 0.252332 0.212947
vt 0.842883 0.835053
vt 0.251497 0.211626
vt 0.999324 0.355851
vt 0.575028 0.221332
vt 0.576702 0.219387
vt 0.576212 0.222412
vt 0.475125 0.200843
vt 0.474020 0.200440
vt 0.475342 0.199463
vt 0.997325 0.352253
vt 0.993334 0.351336
vt 0.997096 0.349512
vt 0.736973 0.645955
vt 0.821062 0.605798
vt 0.812298 0.607871
vt 0.817195 0.602523
vt 0.510668 0.683535
vt 0.480559 0.652990
vt 0.053311 0.489786
vt 0.058834 0.490441
vt 0.618353 0.713257
vt 0.616685 0.709164
vt 0.623317 0.713675
vt 0.315969 0.848079
vt 0.309298 0.852789
vt 0.310948 0.846856
vt 0.318971 0.860467
vt 0.306490 0.862956
vt 0.623172 0.712313
vt 0.284852 0.396328
vt 0.276227 0.398104
vt 0.280600 0.392646
vt 0.847717 0.501942
vt 0.868047 0.482336
vt 0.872597 0.485030
vt 0.690946 0.494044
vt 0.537670 0.314639
vt 0.541992 0.309150
vt 0.541807 0.311515
vt 0.867133 0.881752
vt 0.857684 0.878689
vt 0.859679 0.877444
vt 0.947176 0.838212
vt 0.934332 0.844775
vt 0.942928 0.839179
vt 0.710575 0.891632
vt 0.833187 0.291335
vt 0.832347 0.290496
vt 0.833701 0.290536
vt 0.926966 0.848105
vt 0.926511 0.847107
vt 0.932616 0.844222
vt 0.816670 0.314733
vt 0.837147 0.838093
vt 0.257212 0.954105
vt 0.254200 0.957035
vt 0.678443 0.679448
vt 0.663938 0.672416
vt 0.473999 0.634008
vt 0.485428 0.625044
vt 0.478537 0.611615
vt 0.355188 0.596814
vt 0.368896 0.588020
vt 0.374556 0.595617
vt 0.465230 0.612438
vt 0.452160 0.611148
vt 0.464392 0.615330
vt 0.466948 0.616807
vt 0.921441 0.852224
vt 0.918358 0.850650
vt 0.922237 0.849539
vt 0.010000 0.255617
vt 0.011474 0.256557
vt 0.009928 0.257386
vt 0.719063 0.673378
vt 0.719341 0.678157
vt 0.783131 0.266993
vt 0.785469 0.268560
vt 0.783602 0.267910
vt 0.992404 0.257118
vt 0.160094 0.308962
vt 0.160708 0.310386
vt 0.158292 0.308932
vt 0.360018 0.196045
vt 0.358643 0.195445
vt 0.360107 0.194580
vt 0.460828 0.876772
vt 0.463052 0.877650
vt 0.460671 0.877484
vt 0.471984 0.310298
vt 0.469950 0.310568
vt 0.472272 0.308655
vt 0.216051 0.291673
vt 0.214353 0.290734
vt 0.215621 0.289913
vt 0.452778 0.329424
vt 0.622885 0.586242
vt 0.706320 0.667712
vt 0.346924 0.628662
vt 0.347428 0.627718
vt 0.349182 0.627400
vt 0.267617 0.628221
vt 0.266257 0.627786
vt 0.267114 0.627271
vt 0.877197 0.194101
vt 0.878662 0.193604
vt 0.877341 0.195068
vt 0.048604 0.691078
vt 0.538238 0.386484
vt 0.536962 0.387226
vt 0.534090 0.385200
vt 0.784270 0.268774
vt 0.349735 0.601218
vt 0.351133 0.599928
vt 0.352136 0.600844
vt 0.918066 0.479980
vt 0.917656 0.479485
vt 0.918220 0.480560
vt 0.145033 0.947132
vt 0.175416 0.946899
vt 0.572791 0.208420
vt 0.573695 0.210022
vt 0.573257 0.211614
vt 0.116724 0.960729
vt 0.115158 0.954724
vt 0.120746 0.957657
vt 0.093333 0.221961
vt 0.095171 0.220925
vt 0.095137 0.223055
vt 0.917190 0.479051
vt 0.916860 0.477817
vt 0.920270 0.479436
vt 0.124412 0.951269
vt 0.122039 0.946599
vt 0.921288 0.481025
vt 0.919437 0.482404
vt 0.045437 0.193249
vt 0.044189 0.194092
vt 0.044924 0.193146
vt 0.123571 0.956576
vt 0.117712 0.965691
vt 0.113084 0.966095
vt 0.947555 0.308782
vt 0.947547 0.303801
vt 0.949197 0.304495
vt 0.128426 0.944053
vt 0.915188 0.286557
vt 0.918179 0.281800
vt 0.918241 0.283648
vt 0.134482 0.951760
vt 0.787354 0.193333
vt 0.788686 0.192627
vt 0.788818 0.194092
vt 0.946746 0.303165
vt 0.125115 0.944367
vt 0.132028 0.971132
vt 0.128120 0.973538
vt 0.134198 0.953151
vt 0.140262 0.937230
vt 0.002582 0.282999
vt 0.004318 0.283583
vt 0.001720 0.287013
vt 0.004103 0.285877
vt 0.132867 0.968588
vt 0.132326 0.969210
vt 0.289075 0.191651
vt 0.230801 0.222453
vt 0.228947 0.222128
vt 0.229506 0.221939
vt 0.228760 0.222534
vt 0.247587 0.191651
vt 0.247609 0.192806
vt 0.247114 0.192177
vt 0.229828 0.220852
vt 0.736793 0.113624
vt 0.736602 0.115745
vt 0.735857 0.115318
vt 0.766516 0.670630
vt 0.767837 0.670336
vt 0.767039 0.671502
vt 0.246338 0.193115
vt 0.136199 0.962598
vt 0.980053 0.262815
vt 0.982431 0.261214
vt 0.982028 0.262252
vt 0.208031 0.191651
vt 0.208635 0.193103
vt 0.207275 0.191686
vt 0.138693 0.955317
vt 0.901706 0.221594
vt 0.901519 0.219424
vt 0.902336 0.219332
vt 0.981040 0.265053
vt 0.621137 0.210979
vt 0.619439 0.211063
vt 0.621541 0.208588
vt 0.246444 0.192060
vt 0.149794 0.956592
vt 0.303816 0.384186
vt 0.306150 0.373319
vt 0.310554 0.380290
vt 0.510618 0.561345
vt 0.657616 0.484281
vt 0.655036 0.475508
vt 0.657766 0.472861
vt 0.654519 0.484610
vt 0.654665 0.480063
vt 0.595650 0.547033
vt 0.228234 0.615202
vt 0.226699 0.615409
vt 0.225687 0.636873
vt 0.567517 0.549106
vt 0.235451 0.617621
vt 0.231108 0.613712
vt 0.964933 0.733033
vt 0.962841 0.735341
vt 0.957862 0.733163
vt 0.718926 0.647678
vt 0.724651 0.647068
vt 0.719745 0.661977
vt 0.304573 0.762221
vt 0.305070 0.760686
vt 0.307344 0.760986
vt 0.937705 0.889386
vt 0.934039 0.888313
vt 0.936459 0.887991
vt 0.103686 0.999522
vt 0.102399 0.998386
vt 0.104732 0.996751
vt 0.106280 0.999317
vt 0.106199 0.997727
vt 0.105186 0.993898
vt 0.108221 0.992823
vt 0.108782 0.970262
vt 0.308855 0.760341
vt 0.310078 0.762156
vt 0.104951 0.985039
vt 0.106593 0.987490
vt 0.110255 0.980289
vt 0.108584 0.981920
vt 0.106394 0.981556
vt 0.107531 0.987059
vt 0.102475 0.988953
vt 0.106369 0.975683
vt 0.110754 0.994656
vt 0.444462 0.542957
vt 0.307229 0.285940
vt 0.308989 0.281272
vt 0.310089 0.285730
vt 0.089555 0.190948
vt 0.089111 0.189697
vt 0.090536 0.191119
vt 0.907372 0.334152
vt 0.903636 0.327983
vt 0.903626 0.324828
vt 0.761555 0.292951
vt 0.763560 0.292835
vt 0.763124 0.294562
vt 0.641872 0.498291
vt 0.642902 0.499411
vt 0.738391 0.315674
vt 0.740619 0.316970
vt 0.738915 0.318536
vt 0.317312 0.871891
vt 0.189426 0.772528
vt 0.177979 0.765434
vt 0.637911 0.223388
vt 0.636609 0.221194
vt 0.638085 0.222666
vt 0.781527 0.332067
vt 0.783203 0.334247
vt 0.783522 0.341018
vt 0.109737 0.471834
vt 0.111403 0.466065
vt 0.114989 0.472330
vt 0.661093 0.867597
vt 0.674558 0.870287
vt 0.666177 0.871301
vt 0.223349 0.543162
vt 0.179443 0.309371
vt 0.175162 0.310569
vt 0.178794 0.306453
vt 0.538456 0.383983
vt 0.321612 0.878917
vt 0.658404 0.873626
vt 0.653402 0.869515
vt 0.859033 0.294177
vt 0.857408 0.295515
vt 0.857548 0.292903
vt 0.526117 0.361405
vt 0.762855 0.290637
vt 0.319890 0.852844
vt 0.318813 0.847984
vt 0.623843 0.714459
vt 0.621928 0.714062
vt 0.101098 0.481615
vt 0.097912 0.488118
vt 0.089657 0.484173
vt 0.316226 0.847507
vt 0.622989 0.713022
vt 0.566306 0.928931
vt 0.564177 0.929293
vt 0.566497 0.928246
vt 0.176135 0.953458
vt 0.175038 0.952498
vt 0.178466 0.952598
vt 0.283276 0.404287
vt 0.288752 0.402071
vt 0.280896 0.416926
vt 0.313903 0.844208
vt 0.707623 0.762237
vt 0.710649 0.762684
vt 0.707410 0.763154
vt 0.332531 0.848720
vt 0.787815 0.339089
vt 0.790348 0.334193
vt 0.788703 0.339133
vt 0.786846 0.338632
vt 0.789488 0.339061
vt 0.667724 0.186871
vt 0.667039 0.187429
vt 0.666599 0.186843
vt 0.753644 0.209663
vt 0.753482 0.208883
vt 0.755462 0.209019
vt 0.739119 0.497195
vt 0.146469 0.563227
vt 0.267605 0.346499
vt 0.266336 0.342079
vt 0.268298 0.342640
vt 0.345553 0.515759
vt 0.351469 0.509508
vt 0.351303 0.514102
vt 0.833829 0.445131
vt 0.833638 0.438465
vt 0.587823 0.422899
vt 0.589312 0.415903
vt 0.593017 0.419275
vt 0.598704 0.945578
vt 0.599843 0.945122
vt 0.602504 0.946889
vt 0.465092 0.448491
vt 0.475843 0.443928
vt 0.469010 0.454306
vt 0.562085 0.840097
vt 0.556009 0.839131
vt 0.562635 0.839060
vt 0.505451 0.911497
vt 0.503323 0.909458
vt 0.507221 0.911001
vt 0.549885 0.832614
vt 0.553283 0.834515
vt 0.548047 0.834096
vt 0.955174 0.646099
vt 0.960311 0.642919
vt 0.961187 0.643795
vt 0.740881 0.297453
vt 0.741911 0.297748
vt 0.740579 0.299286
vt 0.121452 0.943936
vt 0.119649 0.942121
vt 0.001621 0.534956
vt 0.003642 0.534980
vt 0.000517 0.536552
vt 0.124614 0.946527
vt 0.125225 0.944832
vt 0.004281 0.533847
vt 0.005951 0.533238
s 1
usemtl Log1m_Material_u1_v1
f 141/1/1 1/2/2 138/3/3
f 136/4/4 141/5/1 137/6/5
f 138/3/3 136/7/4 5/8/6
f 136/9/4 137/10/5 3/11/7
f 709/12/8 140/13/9 139/14/10
f 2/15/11 741/16/12 6/17/13
f 5/18/6 136/7/4 624/19/14
f 141/1/1 131/20/15 1/2/2
f 136/4/4 139/14/10 141/5/1
f 136/7/4 1/2/2 139/21/10
f 136/7/4 138/3/3 1/2/2
f 4/22/16 8/23/17 9/24/18
f 2/25/11 6/26/13 7/27/19
f 9/24/18 6/28/13 5/29/6
f 741/30/12 2/31/11 4/32/16
f 7/33/19 9/34/18 2/35/11
f 2/36/11 5/29/6 4/22/16
f 6/37/13 8/38/17 7/39/19
f 741/40/12 4/41/16 9/42/18
f 7/43/19 741/40/12 9/42/18
f 6/28/13 9/24/18 8/23/17
f 8/44/17 741/45/12 7/46/19
f 9/24/18 5/29/6 2/36/11
f 741/45/12 8/47/17 740/48/20
f 14/49/21 176/50/22 10/51/23
f 14/52/21 654/53/24 283/54/25
f 624/55/14 4/22/16 5/29/6
f 4/22/16 740/56/20 8/23/17
f 12/57/26 14/58/21 10/59/23
f 12/60/26 10/61/23 725/62/27
f 12/60/26 725/62/27 13/63/28
f 15/64/29 13/65/28 725/66/27
f 10/67/30 726/68/31 724/69/32
f 654/70/24 13/63/28 15/71/29
f 12/57/26 654/53/24 14/52/21
f 654/72/24 12/73/26 13/74/28
f 663/75/33 11/76/34 214/77/35
f 11/78/34 18/79/36 16/80/37
f 18/81/36 663/82/33 16/83/37
f 17/84/38 18/85/36 11/86/34
f 16/87/37 20/88/39 160/89/40
f 11/76/34 16/90/37 214/77/35
f 160/91/40 20/92/39 762/93/41
f 19/94/42 17/95/38 11/96/34
f 17/95/38 19/94/42 16/97/37
f 19/98/42 11/99/34 831/100/43
f 11/101/34 735/102/44 831/103/43
f 22/104/45 831/103/43 735/102/44
f 608/105/46 612/106/47 21/107/48
f 762/108/41 763/109/49 123/110/50
f 635/111/51 682/112/52 745/113/53
f 25/114/54 722/115/55 24/116/56
f 721/117/57 707/118/58 25/119/54
f 25/120/54 10/121/59 27/122/60
f 10/123/59 25/120/54 24/124/56
f 28/125/61 832/126/62 721/127/57
f 27/122/60 604/128/63 25/120/54
f 27/122/60 603/129/64 604/128/63
f 832/130/62 834/131/65 721/132/57
f 28/133/61 721/134/57 25/135/54
f 10/136/66 27/137/67 606/138/68
f 606/139/68 26/140/69 10/141/66
f 10/142/70 603/129/64 27/122/60
f 604/128/63 28/143/61 25/120/54
f 28/144/61 605/145/71 648/146/72
f 37/147/73 45/148/74 70/149/75
f 69/150/76 70/151/75 10/152/77
f 70/149/75 45/148/74 10/153/77
f 30/154/78 743/155/79 31/156/80
f 683/157/81 719/158/82 29/159/83
f 683/160/81 685/161/84 719/162/82
f 29/159/83 719/158/82 30/163/78
f 719/158/82 743/155/79 30/154/78
f 610/164/85 749/165/86 32/166/87
f 719/167/82 728/168/88 743/169/79
f 29/170/83 811/171/89 814/172/90
f 615/173/91 33/174/92 627/175/93
f 615/176/91 627/177/93 749/178/86
f 629/179/94 627/180/93 33/181/92
f 749/182/86 632/183/95 32/184/87
f 745/185/53 32/186/87 34/187/96
f 32/188/87 632/189/95 34/190/96
f 630/191/97 627/192/93 629/193/94
f 747/194/98 749/195/86 627/196/93
f 4/22/16 744/197/99 742/198/100
f 744/197/99 4/22/16 619/199/101
f 35/200/102 32/186/87 745/185/53
f 35/200/102 745/185/53 619/201/101
f 44/202/103 45/203/74 37/204/73
f 682/205/52 635/206/51 684/207/104
f 745/208/53 34/209/96 635/210/51
f 43/211/105 37/147/73 70/149/75
f 37/204/73 36/212/106 40/213/107
f 38/214/108 40/215/107 48/216/109
f 37/204/73 43/217/105 46/218/110
f 38/219/108 37/220/73 765/221/111
f 39/222/112 38/223/108 765/224/111
f 42/225/113 48/226/109 765/227/111
f 38/228/108 42/229/113 40/230/107
f 40/231/107 36/232/106 41/233/114
f 37/234/73 38/235/108 48/236/109
f 67/237/115 41/238/114 70/239/75
f 38/223/108 39/222/112 42/240/113
f 46/241/110 41/242/114 67/243/115
f 39/244/112 48/245/109 42/246/113
f 42/247/113 37/204/73 40/213/107
f 39/248/112 37/234/73 48/236/109
f 41/249/114 46/250/110 40/251/107
f 40/213/107 46/218/110 43/217/105
f 40/252/107 43/253/105 67/243/115
f 10/254/77 45/203/74 836/255/116
f 836/255/116 45/203/74 44/202/103
f 36/256/106 46/257/110 67/258/115
f 67/259/115 43/260/105 36/261/106
f 70/262/75 36/261/106 43/260/105
f 36/232/106 70/239/75 41/233/114
f 775/263/117 836/255/116 44/202/103
f 75/264/118 48/265/109 40/213/107
f 47/266/119 767/267/120 48/265/109
f 47/266/119 680/268/121 767/267/120
f 47/266/119 48/265/109 75/264/118
f 49/269/122 757/270/123 686/271/124
f 36/256/106 37/272/73 46/257/110
f 486/273/125 50/274/126 823/275/127
f 51/276/128 486/277/125 823/278/127
f 51/279/128 823/275/127 821/280/129
f 51/281/128 821/282/129 358/283/130
f 50/274/126 825/284/131 823/275/127
f 50/285/126 824/286/132 825/287/131
f 347/288/133 52/289/134 53/290/135
f 55/291/136 53/292/135 52/293/134
f 55/291/136 106/294/137 53/292/135
f 106/294/137 55/291/136 96/295/138
f 148/296/139 56/297/140 54/298/141
f 52/293/134 56/297/140 55/291/136
f 54/298/141 56/297/140 52/293/134
f 56/297/140 96/295/138 55/291/136
f 62/299/142 356/300/143 355/301/144
f 366/302/145 58/303/146 61/304/147
f 152/305/148 61/306/147 355/301/144
f 366/307/145 356/308/143 58/309/146
f 366/302/145 59/310/149 60/311/150
f 366/302/145 61/304/147 59/310/149
f 61/306/147 62/299/142 355/301/144
f 60/312/150 367/313/151 366/314/145
f 61/306/147 152/305/148 63/315/152
f 61/316/147 58/317/146 62/318/142
f 62/299/142 59/319/149 356/300/143
f 58/320/146 59/321/149 62/322/142
f 61/323/147 356/324/143 59/325/149
f 58/326/146 60/327/150 59/328/149
f 58/303/146 356/329/143 60/311/150
f 60/330/150 356/300/143 61/306/147
f 346/331/153 367/332/151 60/333/150
f 346/334/153 60/335/150 146/336/154
f 152/305/148 153/337/155 63/315/152
f 71/338/156 75/264/118 65/339/157
f 67/340/115 65/341/157 40/342/107
f 66/343/158 71/338/156 65/339/157
f 66/343/158 10/344/77 71/338/156
f 71/345/156 64/346/159 72/347/160
f 66/343/158 65/339/157 68/348/161
f 10/349/77 66/350/158 69/351/76
f 69/351/76 66/350/158 68/352/161
f 68/348/161 65/339/157 67/353/115
f 67/353/115 70/151/75 68/348/161
f 68/348/161 70/151/75 69/354/76
f 71/355/156 10/356/77 64/357/159
f 71/358/156 72/359/160 73/360/162
f 75/264/118 40/213/107 65/339/157
f 10/361/77 73/362/162 64/363/159
f 117/364/163 106/365/137 115/366/164
f 71/367/156 74/368/165 75/369/118
f 73/370/162 72/371/160 64/372/159
f 10/373/77 76/374/166 73/375/162
f 74/368/165 71/367/156 73/376/162
f 83/377/167 74/378/165 73/370/162
f 77/379/168 76/380/166 80/381/169
f 76/382/166 10/383/77 80/384/169
f 76/385/166 77/386/168 83/387/167
f 76/388/166 83/377/167 73/370/162
f 78/389/170 75/264/118 74/390/165
f 78/389/170 74/378/165 81/391/171
f 82/392/172 77/393/168 80/394/169
f 81/391/171 74/378/165 83/377/167
f 86/395/173 79/396/174 78/389/170
f 75/264/118 78/389/170 47/266/119
f 85/397/175 82/398/172 80/399/169
f 77/393/168 82/392/172 83/377/167
f 10/400/77 84/401/176 80/402/169
f 85/403/175 83/404/167 82/405/172
f 84/401/176 85/406/175 80/402/169
f 81/391/171 86/395/173 78/389/170
f 85/407/175 87/408/177 83/409/167
f 734/410/178 79/411/174 86/412/173
f 89/413/179 86/395/173 81/391/171
f 83/414/167 89/413/179 81/391/171
f 89/415/179 83/416/167 87/417/177
f 10/418/77 88/419/180 84/420/176
f 86/395/173 89/413/179 91/421/181
f 85/422/175 84/423/176 88/424/180
f 87/425/177 85/422/175 90/426/182
f 88/427/180 90/428/182 85/429/175
f 87/425/177 91/430/181 89/413/179
f 93/431/183 90/432/182 88/433/180
f 93/431/183 88/433/180 10/434/77
f 86/435/173 91/421/181 309/436/184
f 92/437/185 91/438/181 95/439/186
f 95/440/186 87/425/177 90/426/182
f 95/439/186 91/438/181 87/441/177
f 93/442/183 95/440/186 90/426/182
f 307/443/187 309/436/184 91/421/181
f 10/444/77 94/445/188 93/446/183
f 92/447/185 96/448/138 91/449/181
f 94/450/188 95/439/186 93/451/183
f 98/452/189 99/453/190 94/454/188
f 94/455/188 99/456/190 95/457/186
f 96/448/138 92/447/185 103/458/191
f 103/459/191 92/460/185 102/461/192
f 91/462/181 96/463/138 307/443/187
f 96/463/138 171/464/193 307/443/187
f 10/465/77 98/452/189 94/454/188
f 95/466/186 102/461/192 92/460/185
f 10/467/77 100/468/194 99/469/190
f 102/470/192 95/471/186 99/472/190
f 99/469/190 100/468/194 97/473/195
f 98/452/189 10/467/77 99/469/190
f 97/474/195 100/468/194 101/475/196
f 10/476/77 101/475/196 100/468/194
f 102/477/192 99/478/190 97/479/195
f 10/480/77 104/481/197 101/475/196
f 102/482/192 97/483/195 101/484/196
f 101/485/196 105/486/198 102/487/192
f 104/481/197 105/488/198 101/475/196
f 109/489/199 117/490/163 107/491/200
f 109/492/199 107/493/200 108/494/201
f 105/495/198 107/496/200 102/497/192
f 114/498/202 105/499/198 109/500/199
f 105/501/198 114/502/202 111/503/203
f 111/504/203 102/505/192 107/506/200
f 114/498/202 109/500/199 108/507/201
f 112/508/204 114/509/202 108/510/201
f 109/511/199 105/488/198 104/481/197
f 114/502/202 113/512/205 110/513/206
f 103/514/191 110/515/206 117/516/163
f 110/517/206 112/518/204 117/519/163
f 103/514/191 102/505/192 111/504/203
f 103/514/191 111/504/203 110/520/206
f 114/502/202 110/513/206 111/503/203
f 113/521/205 115/522/164 103/514/191
f 108/494/201 107/493/200 105/523/198
f 108/524/201 105/501/198 111/503/203
f 113/525/205 112/526/204 110/527/206
f 116/528/207 112/508/204 113/529/205
f 116/528/207 114/509/202 112/508/204
f 112/508/204 108/510/201 111/530/203
f 115/531/164 113/512/205 114/502/202
f 116/528/207 117/532/163 115/533/164
f 103/534/191 115/366/164 106/365/137
f 116/528/207 113/535/205 117/532/163
f 113/521/205 103/514/191 117/516/163
f 111/504/203 107/536/200 117/516/163
f 111/504/203 117/516/163 112/537/204
f 116/538/207 115/539/164 114/540/202
f 109/511/199 118/541/208 117/542/163
f 118/541/208 104/543/197 10/544/77
f 104/543/197 118/541/208 109/511/199
f 119/545/209 117/516/163 118/546/208
f 118/547/208 10/548/77 119/549/209
f 383/550/210 117/364/163 119/551/209
f 764/552/211 209/553/212 160/91/40
f 650/554/213 283/555/25 654/556/24
f 170/557/214 651/558/215 302/559/216
f 215/560/217 20/561/39 213/562/218
f 730/563/219 352/564/220 731/565/221
f 124/566/222 160/91/40 209/553/212
f 812/567/223 813/568/224 456/569/225
f 813/568/224 459/570/226 456/569/225
f 828/571/227 825/287/131 824/286/132
f 16/87/37 160/89/40 161/572/228
f 125/573/229 789/574/230 761/575/231
f 761/576/231 796/577/232 755/578/233
f 125/573/229 126/579/234 789/580/230
f 789/574/230 795/581/235 761/575/231
f 796/577/232 791/582/236 755/578/233
f 755/583/233 126/584/234 125/585/229
f 241/586/237 358/283/130 127/587/238
f 130/588/239 132/589/240 127/590/238
f 709/591/8 128/592/241 787/593/242
f 127/594/238 358/283/130 821/282/129
f 138/595/3 132/589/240 131/596/15
f 709/597/8 743/598/79 131/20/15
f 129/599/243 133/600/244 131/601/15
f 133/602/244 129/603/243 130/604/239
f 138/595/3 127/590/238 132/589/240
f 817/605/245 129/599/243 131/601/15
f 130/606/239 817/607/245 131/608/15
f 130/606/239 818/609/246 133/610/244
f 817/611/245 132/612/240 129/613/243
f 129/614/243 132/589/240 130/588/239
f 130/606/239 131/608/15 818/609/246
f 131/20/15 743/598/79 139/21/10
f 128/615/241 709/616/8 131/617/15
f 133/618/244 128/615/241 131/617/15
f 127/619/238 817/620/245 130/588/239
f 818/621/246 131/622/15 132/623/240
f 709/597/8 133/624/244 743/598/79
f 709/12/8 139/14/10 133/625/244
f 139/14/10 128/626/241 133/625/244
f 128/626/241 139/14/10 743/627/79
f 743/627/79 728/628/88 128/626/241
f 132/589/240 817/629/245 818/630/246
f 378/631/247 740/632/20 135/633/248
f 241/634/237 127/635/238 138/636/3
f 741/637/12 512/638/249 241/639/237
f 793/640/250 137/641/5 140/642/9
f 140/643/9 709/644/8 787/645/242
f 138/646/3 131/596/15 137/647/5
f 131/648/15 141/649/1 140/650/9
f 140/651/9 141/652/1 139/653/10
f 140/654/9 137/647/5 131/596/15
f 138/655/3 5/656/6 6/657/13
f 741/658/12 241/659/237 138/660/3
f 138/661/3 6/17/13 741/16/12
f 137/662/5 141/663/1 138/664/3
f 137/10/5 793/665/250 3/11/7
f 139/21/10 1/2/2 131/20/15
f 63/666/152 153/667/155 144/668/251
f 142/669/252 61/306/147 63/670/152
f 61/306/147 142/669/252 60/671/150
f 142/672/252 63/673/152 145/674/253
f 147/675/254 63/676/152 144/677/251
f 145/678/253 63/679/152 143/680/255
f 60/681/150 143/682/255 63/683/152
f 145/674/253 143/684/255 147/685/254
f 142/686/252 143/682/255 60/681/150
f 63/687/152 147/688/254 146/689/154
f 143/682/255 146/690/154 147/691/254
f 147/692/254 144/693/251 145/694/253
f 146/695/154 142/696/252 145/697/253
f 143/682/255 142/686/252 146/690/154
f 145/697/253 144/698/251 146/695/154
f 144/668/251 317/699/256 146/700/154
f 63/683/152 146/701/154 60/681/150
f 317/699/256 148/296/139 146/700/154
f 150/702/257 151/703/258 149/704/259
f 355/301/144 151/703/258 152/305/148
f 150/702/257 152/305/148 151/703/258
f 149/705/259 269/706/260 154/707/261
f 150/708/257 149/709/259 154/710/261
f 150/711/257 155/712/262 152/713/148
f 152/714/148 155/715/262 153/716/155
f 168/717/263 155/718/262 150/719/257
f 154/720/261 269/721/260 165/722/264
f 155/723/262 168/724/263 267/725/265
f 267/726/265 153/727/155 155/728/262
f 267/725/265 144/668/251 153/667/155
f 156/729/266 270/730/267 438/731/268
f 205/732/269 157/733/270 164/734/271
f 205/735/269 164/736/271 162/737/272
f 158/738/273 160/739/40 207/740/274
f 159/741/275 163/742/276 17/743/38
f 158/738/273 204/744/277 157/745/270
f 159/741/275 203/746/278 163/742/276
f 158/738/273 157/747/270 17/748/38
f 157/749/270 18/750/36 17/751/38
f 163/742/276 161/752/228 17/743/38
f 161/753/228 164/754/271 159/755/275
f 17/756/38 160/757/40 158/758/273
f 159/759/275 17/95/38 16/760/37
f 17/761/38 161/762/228 160/763/40
f 160/764/40 123/765/50 220/766/279
f 160/767/40 220/768/279 163/769/276
f 156/729/266 196/770/280 270/730/267
f 154/771/261 165/772/264 167/773/281
f 150/774/257 154/771/261 167/773/281
f 166/775/282 168/717/263 167/776/281
f 167/776/281 168/717/263 150/719/257
f 151/703/258 355/301/144 149/704/259
f 149/777/259 355/778/144 269/779/260
f 355/778/144 357/780/283 269/779/260
f 120/781/284 169/782/285 283/783/25
f 302/784/216 169/785/285 170/786/214
f 170/787/214 169/788/285 121/789/286
f 120/790/284 170/791/214 121/792/286
f 651/793/215 18/794/36 157/795/270
f 205/796/269 651/793/215 157/795/270
f 96/295/138 56/297/140 171/797/193
f 172/798/287 196/799/280 156/800/266
f 172/801/287 794/802/288 173/803/289
f 507/804/290 292/805/291 510/806/292
f 591/807/293 175/808/294 180/809/295
f 10/810/23 176/811/22 208/812/296
f 283/813/25 174/814/297 176/815/22
f 174/814/297 208/816/296 176/815/22
f 464/817/298 472/818/299 175/819/294
f 592/820/300 416/821/301 175/822/294
f 471/823/302 464/824/298 179/825/303
f 179/826/303 175/827/294 472/828/299
f 471/829/302 177/830/304 472/831/299
f 175/832/294 591/833/293 471/834/302
f 175/835/294 179/836/303 180/837/295
f 592/838/300 178/839/305 591/840/293
f 592/841/300 471/842/302 178/843/305
f 591/840/293 178/839/305 177/844/304
f 177/845/304 239/846/306 465/847/307
f 591/833/293 177/830/304 471/834/302
f 465/848/307 179/825/303 472/849/299
f 465/850/307 472/831/299 177/830/304
f 478/851/308 180/837/295 179/836/303
f 182/852/309 181/853/310 342/854/311
f 336/855/312 183/856/313 181/857/310
f 342/854/311 340/858/314 182/852/309
f 182/852/309 340/858/314 318/859/315
f 181/860/310 318/861/315 342/862/311
f 181/863/310 183/864/313 319/865/316
f 318/859/315 181/866/310 319/867/316
f 183/868/313 342/869/311 318/870/315
f 184/871/317 186/872/318 188/873/319
f 185/874/320 330/875/321 184/876/317
f 330/877/321 186/878/318 184/879/317
f 330/877/321 319/880/316 187/881/322
f 319/882/316 340/883/314 187/884/322
f 330/877/321 187/881/322 186/878/318
f 185/885/320 184/886/317 188/887/319
f 439/888/323 190/889/324 192/890/325
f 190/889/324 189/891/326 192/890/325
f 192/892/325 189/893/326 191/894/327
f 191/895/327 193/896/328 192/897/325
f 191/895/327 194/898/329 193/896/328
f 270/899/267 194/898/329 191/895/327
f 270/900/267 196/901/280 194/902/329
f 194/903/329 458/904/330 193/905/328
f 194/906/329 173/907/289 195/908/331
f 458/909/330 195/910/331 288/911/332
f 172/798/287 173/912/289 196/799/280
f 243/913/333 483/914/334 234/915/335
f 243/916/333 198/917/336 197/918/337
f 197/919/337 483/920/334 243/921/333
f 196/922/280 173/923/289 194/924/329
f 200/925/338 197/926/337 300/927/339
f 481/928/340 230/929/341 229/930/342
f 300/931/339 197/932/337 198/933/336
f 197/934/337 206/935/343 483/936/334
f 483/937/334 202/938/344 199/939/345
f 199/940/345 202/941/344 201/942/346
f 201/943/346 200/944/338 300/945/339
f 206/946/343 197/947/337 199/948/345
f 200/949/338 199/948/345 197/947/337
f 199/948/345 204/950/277 206/946/343
f 203/951/278 157/952/270 162/953/272
f 157/733/270 203/954/278 164/734/271
f 162/953/272 157/952/270 204/955/277
f 160/956/40 163/742/276 202/957/344
f 202/958/344 203/959/278 213/960/218
f 202/961/344 207/962/274 160/963/40
f 203/964/278 202/965/344 204/966/277
f 206/967/343 204/744/277 207/968/274
f 203/969/278 204/970/277 158/971/273
f 203/972/278 162/973/272 211/974/347
f 163/742/276 203/746/278 158/975/273
f 207/976/274 204/977/277 163/978/276
f 207/979/274 163/980/276 158/981/273
f 202/961/344 206/982/343 207/983/274
f 202/984/344 163/978/276 204/977/277
f 208/985/296 280/986/348 10/987/23
f 219/988/349 213/989/218 763/990/49
f 159/991/275 214/992/35 210/993/350
f 209/994/212 212/995/351 214/996/35
f 210/997/350 215/998/217 164/999/271
f 219/988/349 763/990/49 221/1000/352
f 164/1001/271 203/1002/278 159/759/275
f 159/1003/275 210/1004/350 209/1005/212
f 210/1004/350 164/1006/271 209/1007/212
f 212/995/351 213/1008/218 214/996/35
f 220/1009/279 164/754/271 163/1010/276
f 214/1011/35 213/1012/218 210/1013/350
f 161/753/228 163/1010/276 164/754/271
f 162/1014/272 164/1015/271 211/1016/347
f 159/1017/275 209/1018/212 161/1019/228
f 212/995/351 209/994/212 215/1020/217
f 210/1021/350 211/1022/347 212/1023/351
f 215/1024/217 220/1025/279 211/1022/347
f 164/1006/271 220/1026/279 209/553/212
f 210/997/350 213/1027/218 211/1028/347
f 220/1025/279 212/1023/351 211/1022/347
f 211/1029/347 164/1030/271 215/1031/217
f 220/1032/279 215/1033/217 124/1034/222
f 212/995/351 220/766/279 213/1035/218
f 210/1036/350 212/1037/351 215/1038/217
f 20/561/39 123/1039/50 213/562/218
f 238/1040/353 217/1041/354 276/1042/355
f 483/1043/334 206/1044/343 202/941/344
f 217/1041/354 221/1045/352 276/1042/355
f 483/937/334 199/939/345 200/1046/338
f 199/1047/345 201/943/346 300/945/339
f 201/943/346 483/1048/334 200/944/338
f 230/1049/341 432/1050/356 229/1051/342
f 217/1041/354 483/914/334 221/1045/352
f 483/914/334 201/1052/346 221/1045/352
f 201/1053/346 202/961/344 219/988/349
f 219/1054/349 202/1055/344 213/1056/218
f 221/1057/352 201/1058/346 219/1059/349
f 213/1060/218 203/1061/278 211/1062/347
f 160/1063/40 124/1064/222 123/1065/50
f 165/1066/264 166/1067/282 167/1068/281
f 232/1069/357 235/1070/358 231/1071/359
f 261/1072/360 511/1073/361 227/1074/362
f 227/1075/362 442/1076/363 261/1077/360
f 223/1078/364 228/1079/365 222/1080/366
f 343/1081/367 223/1082/364 224/1083/368
f 224/1084/368 222/1085/366 228/1086/365
f 224/1087/368 223/1088/364 53/1089/135
f 385/1090/369 225/1091/370 222/1092/366
f 223/1088/364 347/1093/133 53/1089/135
f 223/1078/364 222/1080/366 347/1094/133
f 222/1085/366 224/1084/368 53/1095/135
f 225/1096/370 287/1097/371 377/1098/372
f 228/1099/365 377/1100/372 344/1101/373
f 224/1102/368 226/1103/374 343/1104/367
f 226/1105/374 228/1106/365 385/1107/369
f 235/1108/358 227/1109/362 511/1110/361
f 216/1111/375 433/1112/376 428/1113/377
f 437/1114/378 432/1115/356 237/1116/379
f 432/1115/356 233/1117/380 237/1116/379
f 474/1118/381 216/1111/375 428/1113/377
f 229/1119/342 431/1120/382 216/1121/375
f 432/1122/356 230/1123/341 433/1124/376
f 233/1125/380 247/1126/383 237/1127/379
f 246/1128/384 233/1129/380 238/1130/353
f 250/1131/385 233/1132/380 230/929/341
f 435/1133/386 227/1075/362 235/1134/358
f 236/1135/387 232/1136/357 231/1137/359
f 217/1041/354 234/1138/335 483/914/334
f 233/1125/380 433/1139/376 230/1140/341
f 236/1141/387 240/1142/388 232/1143/357
f 396/1144/389 231/1145/359 407/1146/390
f 217/1041/354 238/1040/353 250/1147/385
f 235/1148/358 427/1149/391 435/1150/386
f 236/1151/387 231/1145/359 396/1144/389
f 394/1152/392 240/1142/388 236/1141/387
f 240/1153/388 235/1154/358 232/1155/357
f 235/1156/358 424/1157/393 427/1158/391
f 245/1159/394 246/1160/384 238/1130/353
f 240/1161/388 424/1162/393 235/1163/358
f 246/1164/384 247/1126/383 233/1125/380
f 479/1165/395 478/1166/308 468/1167/396
f 240/1168/388 396/1169/389 424/1170/393
f 248/1171/397 242/1172/398 198/1173/336
f 242/1174/398 248/1175/397 255/1176/399
f 247/1126/383 433/1139/376 237/1127/379
f 254/1177/400 242/1178/398 255/1179/399
f 248/1180/397 243/1181/333 418/1182/401
f 250/1131/385 230/929/341 481/928/340
f 272/1183/402 250/1131/385 481/928/340
f 293/1184/403 251/1185/404 244/1186/405
f 249/1187/406 252/1188/407 293/1189/403
f 234/1190/335 217/1191/354 250/1192/385
f 250/1131/385 238/1193/353 233/1132/380
f 249/1194/406 251/1195/404 253/1196/408
f 175/1197/294 471/1198/302 592/1199/300
f 255/1200/399 248/1201/397 418/1182/401
f 388/1202/409 253/1203/408 244/1204/405
f 251/1185/404 388/1205/409 244/1186/405
f 249/1187/406 293/1189/403 254/1177/400
f 253/1206/408 251/1207/404 293/1208/403
f 256/1209/410 249/1210/406 271/1211/411
f 429/1212/412 247/1126/383 246/1164/384
f 249/1213/406 253/1214/408 388/1215/409
f 249/1210/406 256/1209/410 251/1216/404
f 256/1217/410 10/1218/413 388/1219/409
f 234/1138/335 418/1220/401 243/1221/333
f 255/1222/399 418/1223/401 275/1224/414
f 374/1225/415 257/1226/416 454/1227/417
f 255/1179/399 275/1228/414 249/1187/406
f 257/1229/416 374/1230/415 258/1231/418
f 458/1232/330 456/1233/225 437/1114/378
f 456/1234/225 257/1235/416 262/1236/419
f 458/1232/330 812/1237/223 456/1233/225
f 458/909/330 288/911/332 455/1238/420
f 257/1229/416 258/1231/418 262/1239/419
f 193/1240/328 458/1232/330 437/1114/378
f 437/1241/378 262/1242/419 431/1120/382
f 259/1243/421 258/1244/418 337/1245/422
f 260/1246/423 263/1247/424 443/1248/425
f 259/1243/421 262/1242/419 258/1244/418
f 263/1249/424 262/1242/419 259/1243/421
f 259/1250/421 453/1251/426 260/1252/423
f 448/1253/427 263/1254/424 260/1255/423
f 259/1256/421 337/1257/422 453/1258/426
f 262/1242/419 448/1259/427 431/1120/382
f 431/1260/382 229/1261/342 437/1262/378
f 443/1263/425 263/1254/424 259/1264/421
f 437/1241/378 456/1234/225 262/1242/419
f 463/1265/428 464/1266/298 175/1267/294
f 262/1268/419 263/1269/424 448/1270/427
f 437/1114/378 229/1271/342 432/1115/356
f 448/1259/427 443/1272/425 431/1120/382
f 193/1240/328 437/1114/378 192/1273/325
f 265/1274/429 332/1275/430 185/1276/320
f 264/1277/431 144/668/251 267/725/265
f 166/1278/282 266/1279/432 264/1280/431
f 269/1281/260 320/1282/433 266/1283/432
f 166/1284/282 264/1277/431 267/725/265
f 269/1281/260 266/1283/432 166/1285/282
f 234/1190/335 250/1192/385 418/1286/401
f 10/1287/413 256/1288/410 271/1289/411
f 269/1281/260 268/1290/434 320/1282/433
f 269/1291/260 357/1292/283 268/1293/434
f 166/1285/282 165/1294/264 269/1281/260
f 166/1284/282 267/725/265 168/724/263
f 268/1293/434 357/1292/283 182/1295/309
f 274/1296/435 249/1187/406 275/1228/414
f 270/730/267 221/1045/352 438/731/268
f 438/731/268 221/1045/352 289/1297/436
f 276/1042/355 221/1045/352 270/730/267
f 194/1298/329 195/908/331 458/1232/330
f 271/1299/411 249/1187/406 274/1296/435
f 273/1300/437 418/1301/401 250/1302/385
f 273/1303/437 250/1304/385 272/1305/402
f 189/1306/326 276/1307/355 191/1308/327
f 191/1309/327 276/1310/355 270/1311/267
f 274/1296/435 278/1312/438 271/1299/411
f 419/1313/439 463/1314/428 175/822/294
f 10/1315/413 271/1299/411 278/1312/438
f 418/1316/401 286/1317/440 275/1228/414
f 277/1318/441 418/1319/401 273/1320/437
f 274/1296/435 275/1228/414 286/1317/440
f 419/1321/439 277/1322/441 273/1300/437
f 463/1323/428 419/1324/439 272/1325/402
f 189/1306/326 238/1326/353 276/1307/355
f 283/1327/25 301/1328/442 281/1329/443
f 283/1330/25 281/1331/443 279/1332/444
f 301/1333/442 282/1334/445 281/1335/443
f 208/985/296 174/1336/297 282/1337/445
f 301/1338/442 280/986/348 282/1337/445
f 301/1338/442 293/1184/403 280/986/348
f 280/986/348 208/985/296 282/1337/445
f 283/1339/25 282/1340/445 174/1341/297
f 281/1342/443 282/1343/445 169/1344/285
f 283/1345/25 279/1346/444 282/1347/445
f 10/1348/23 280/986/348 284/1349/446
f 245/1350/394 238/1326/353 189/1306/326
f 293/1184/403 284/1349/446 280/986/348
f 385/1351/369 222/1352/366 53/1353/135
f 244/1354/405 284/1355/446 293/1356/403
f 377/1357/372 385/1351/369 285/1358/447
f 385/1359/369 579/1360/448 285/1361/447
f 225/1362/370 377/1363/372 228/1364/365
f 225/1365/370 344/1366/373 226/1367/374
f 485/1368/449 285/1369/447 529/1370/450
f 579/1371/448 385/1372/369 384/1373/451
f 286/1317/440 418/1316/401 277/1374/441
f 10/1375/413 274/1296/435 286/1317/440
f 278/1312/438 274/1296/435 10/1376/413
f 455/1377/420 288/1378/332 681/1379/452
f 385/1380/369 344/1101/373 225/1381/370
f 385/1380/369 228/1099/365 344/1101/373
f 287/1382/371 385/1383/369 377/1384/372
f 681/1385/452 288/1386/332 195/1387/331
f 287/1388/371 226/1367/374 385/1389/369
f 225/1390/370 226/1391/374 287/1392/371
f 358/1393/130 185/1394/320 188/1395/319
f 290/1396/453 485/1368/449 529/1370/450
f 241/1397/237 512/1398/249 265/1399/429
f 291/1400/454 352/564/220 122/1401/455
f 345/1402/456 377/1403/372 504/1404/457
f 352/564/220 291/1405/454 360/1406/458
f 379/1407/459 381/1408/460 382/1409/461
f 379/1410/459 332/1411/430 381/1412/460
f 292/1413/291 335/1414/462 291/1415/454
f 254/1177/400 255/1179/399 249/1187/406
f 295/1416/463 242/1178/398 254/1177/400
f 296/1417/464 299/1418/465 297/1419/466
f 296/1420/464 295/1421/463 254/1422/400
f 254/1423/400 293/1424/403 301/1425/442
f 254/1423/400 301/1425/442 294/1426/467
f 242/1178/398 295/1416/463 299/1427/465
f 298/1428/468 294/1429/467 297/1430/466
f 298/1431/468 296/1432/464 294/1433/467
f 294/1434/467 296/1435/464 254/1177/400
f 296/1436/464 297/1437/466 295/1438/463
f 242/1439/398 296/1440/464 298/1441/468
f 295/1438/463 297/1437/466 294/1442/467
f 299/1443/465 298/1444/468 297/1445/466
f 299/1446/465 294/1447/467 301/1448/442
f 242/1172/398 300/1449/339 198/1173/336
f 242/1439/398 299/1450/465 296/1440/464
f 295/1416/463 294/1451/467 299/1427/465
f 300/1452/339 242/1453/398 298/1454/468
f 204/1455/277 300/1456/339 299/1457/465
f 298/1458/468 303/1459/469 300/1460/339
f 302/1461/216 279/1462/444 281/1342/443
f 169/1344/285 302/1461/216 281/1342/443
f 169/1463/285 282/1464/445 279/1465/444
f 302/1461/216 301/1466/442 279/1462/444
f 299/1467/465 303/1468/469 305/1469/470
f 199/1470/345 300/1471/339 204/1472/277
f 204/744/277 299/1473/465 304/1474/471
f 300/1460/339 303/1459/469 299/1475/465
f 169/785/285 301/1476/442 283/1477/25
f 301/1478/442 304/1479/471 299/1480/465
f 169/1481/285 279/1346/444 301/1482/442
f 204/744/277 304/1474/471 305/1483/470
f 299/1467/465 305/1469/470 298/1484/468
f 298/1485/468 304/1486/471 303/1487/469
f 298/1484/468 305/1469/470 304/1488/471
f 651/793/215 301/1489/442 302/784/216
f 301/1489/442 651/793/215 205/796/269
f 304/1474/471 301/1490/442 303/1491/469
f 171/1492/193 56/1493/140 306/1494/472
f 307/1495/187 308/1496/473 309/1497/184
f 303/1491/469 301/1489/442 205/1498/269
f 303/1491/469 204/744/277 305/1483/470
f 204/1499/277 205/1500/269 162/1501/272
f 204/1499/277 303/1502/469 205/1500/269
f 307/443/187 171/1503/193 306/1504/472
f 306/1505/472 333/1506/474 308/1507/473
f 307/443/187 306/1504/472 308/1508/473
f 308/1509/473 507/1510/290 309/1511/184
f 292/1512/291 507/1513/290 308/1514/473
f 333/1515/474 292/1413/291 308/1509/473
f 264/1516/431 322/1517/475 310/1518/476
f 315/1519/477 322/1517/475 264/1516/431
f 264/1277/431 310/1520/476 144/668/251
f 313/1521/478 144/668/251 310/1520/476
f 264/1522/431 326/1523/479 315/1524/477
f 315/1525/477 326/1526/479 324/1527/480
f 314/1528/481 324/1527/480 322/1529/475
f 310/1530/476 322/1531/475 321/1532/482
f 312/1533/483 314/1534/481 317/1535/256
f 312/1536/483 317/1537/256 311/1538/484
f 314/1528/481 316/1539/485 317/1540/256
f 312/1536/483 311/1538/484 316/1541/485
f 315/1542/477 314/1543/481 312/1544/483
f 312/1536/483 316/1541/485 315/1545/477
f 322/1529/475 316/1539/485 314/1528/481
f 315/1545/477 316/1541/485 322/1546/475
f 326/1526/479 264/1547/431 321/1548/482
f 144/668/251 313/1521/478 317/699/256
f 320/1549/433 182/1550/309 318/1551/315
f 317/699/256 313/1521/478 325/1552/486
f 268/1553/434 182/852/309 320/1554/433
f 320/1555/433 318/1556/315 319/1557/316
f 319/1558/316 329/1559/487 320/1282/433
f 266/1283/432 320/1282/433 329/1560/487
f 183/1561/313 340/1562/314 319/1563/316
f 321/1564/482 264/1565/431 266/1283/432
f 329/1566/487 331/1567/488 321/1568/482
f 329/1560/487 321/1564/482 266/1283/432
f 322/1531/475 326/1569/479 321/1532/482
f 323/1570/489 317/1571/256 328/1572/490
f 323/1573/489 328/1574/490 351/1575/491
f 317/1571/256 323/1570/489 353/1576/492
f 322/1577/475 311/1578/484 326/1579/479
f 311/1578/484 325/1580/486 326/1579/479
f 311/1581/484 322/1582/475 324/1583/480
f 324/1527/480 314/1528/481 315/1525/477
f 310/1520/476 327/1584/493 313/1521/478
f 324/1527/480 316/1585/485 311/1586/484
f 327/1587/493 317/1588/256 316/1589/485
f 325/1580/486 311/1578/484 317/1590/256
f 325/1591/486 327/1592/493 310/1593/476
f 316/1585/485 325/1594/486 313/1595/478
f 323/1596/489 351/1597/491 327/1598/493
f 351/1597/491 350/1599/494 327/1598/493
f 326/1600/479 310/1601/476 324/1602/480
f 324/1602/480 310/1601/476 321/1603/482
f 324/1604/480 321/1605/482 327/1606/493
f 325/1607/486 324/1604/480 327/1606/493
f 327/1598/493 350/1599/494 364/1608/495
f 324/1527/480 325/1594/486 316/1585/485
f 328/1572/490 363/1609/496 350/1610/494
f 185/1611/320 382/1612/461 330/1613/321
f 316/1585/485 313/1595/478 327/1614/493
f 328/1572/490 327/1615/493 363/1609/496
f 317/1616/256 327/1614/493 328/1617/490
f 325/1591/486 310/1593/476 326/1618/479
f 323/1596/489 327/1598/493 321/1619/482
f 331/1620/488 329/1621/487 382/1622/461
f 321/1623/482 331/1624/488 349/1625/497
f 319/1626/316 330/1627/321 329/1628/487
f 382/1629/461 329/1628/487 330/1627/321
f 382/1630/461 185/1631/320 332/1632/430
f 331/1633/488 352/564/220 349/1625/497
f 380/1634/498 332/1635/430 331/1636/488
f 331/1633/488 332/1637/430 352/564/220
f 335/1638/462 333/1639/474 361/1640/499
f 333/1641/474 362/1642/500 334/1643/501
f 335/1644/462 360/1645/458 291/1646/454
f 306/1647/472 361/1648/499 362/1649/500
f 373/1650/502 334/1651/501 306/1652/472
f 333/1515/474 335/1414/462 292/1413/291
f 349/1653/497 360/1654/458 335/1655/462
f 489/1656/503 488/1657/504 339/1658/505
f 337/1659/422 487/1660/506 453/1661/426
f 339/1658/505 338/1662/507 341/1663/508
f 357/780/283 181/1664/310 182/852/309
f 336/1665/312 489/1666/503 183/1667/313
f 337/1668/422 338/1669/507 339/1670/505
f 183/1671/313 318/1672/315 340/858/314
f 183/1673/313 489/1674/503 341/1675/508
f 338/1676/507 337/1677/422 258/1678/418
f 341/1663/508 489/1656/503 339/1658/505
f 341/1675/508 187/1679/322 183/1673/313
f 342/1680/311 187/1681/322 340/1682/314
f 342/1680/311 183/1683/313 187/1681/322
f 345/1684/456 226/1685/374 377/1686/372
f 346/1687/153 54/1688/141 343/1689/367
f 344/1366/373 377/1690/372 226/1367/374
f 345/1691/456 504/1692/457 491/1693/509
f 228/1694/365 347/1695/133 225/1696/370
f 343/1697/367 54/1698/141 52/1699/134
f 54/1700/141 346/1701/153 146/1702/154
f 228/1703/365 226/1704/374 224/1083/368
f 347/1705/133 343/1706/367 52/1707/134
f 222/1708/366 225/1709/370 347/1710/133
f 228/1711/365 223/1712/364 343/1713/367
f 343/1714/367 347/1715/133 228/1716/365
f 146/700/154 148/296/139 54/1717/141
f 148/1718/139 348/1719/510 56/1720/140
f 348/1721/510 317/699/256 353/1576/492
f 317/699/256 348/1721/510 148/296/139
f 354/1722/511 350/1723/494 363/1724/496
f 350/1599/494 354/1725/511 364/1608/495
f 348/1726/510 353/1727/492 351/1728/491
f 349/1729/497 354/1730/511 353/1731/492
f 363/1609/496 327/1615/493 364/1732/495
f 353/1731/492 354/1733/511 328/1734/490
f 353/1735/492 328/1736/490 350/1737/494
f 351/1597/491 353/1738/492 350/1599/494
f 353/1731/492 321/1564/482 349/1729/497
f 321/1739/482 353/1740/492 323/1741/489
f 354/1742/511 363/1743/496 56/297/140
f 328/1572/490 354/1742/511 348/1721/510
f 351/1728/491 328/1744/490 348/1726/510
f 334/1745/501 373/1746/502 361/1747/499
f 56/297/140 363/1743/496 364/1748/495
f 56/297/140 364/1748/495 373/1749/502
f 354/1750/511 373/1751/502 364/1752/495
f 265/1753/429 358/283/130 241/586/237
f 358/283/130 188/1754/319 51/281/128
f 185/1755/320 358/283/130 265/1753/429
f 355/778/144 356/1756/143 357/780/283
f 360/1406/458 349/1625/497 352/564/220
f 362/1757/500 373/1758/502 365/1759/512
f 365/1760/512 334/1651/501 362/1761/500
f 361/1762/499 365/1763/512 335/1764/462
f 361/1765/499 373/1766/502 362/1767/500
f 365/1768/512 349/1625/497 335/1769/462
f 334/1745/501 361/1747/499 333/1770/474
f 349/1729/497 365/1760/512 354/1730/511
f 306/1771/472 365/1772/512 361/1773/499
f 306/1652/472 334/1651/501 365/1760/512
f 354/1730/511 365/1760/512 373/1650/502
f 348/1721/510 354/1742/511 56/297/140
f 306/1774/472 362/1642/500 333/1641/474
f 368/1775/513 367/1776/151 346/1777/153
f 343/1778/367 368/1779/513 346/1780/153
f 368/1781/513 343/1782/367 369/1783/514
f 226/1784/374 372/1785/515 369/1786/514
f 226/1787/374 345/1788/456 372/1789/515
f 369/1790/514 343/1791/367 226/1792/374
f 371/1793/516 369/1794/514 372/1795/515
f 371/1796/516 367/1797/151 368/1798/513
f 369/1799/514 371/1793/516 368/1800/513
f 371/1801/516 372/1802/515 370/1803/517
f 367/1804/151 371/1805/516 370/1806/517
f 367/1807/151 370/1808/517 366/1809/145
f 356/300/143 366/1809/145 370/1810/517
f 56/1811/140 373/1812/502 306/1813/472
f 186/1814/318 51/1815/128 188/1754/319
f 375/1816/518 186/1817/318 341/1818/508
f 341/1818/508 186/1817/318 187/1819/322
f 375/1820/518 374/1821/415 51/1822/128
f 374/1823/415 454/1824/417 486/1825/125
f 374/1826/415 486/1827/125 51/1828/128
f 186/1829/318 375/1830/518 51/1831/128
f 375/1816/518 341/1818/508 338/1832/507
f 374/1230/415 338/1832/507 258/1833/418
f 375/1834/518 338/1835/507 374/1836/415
f 504/1837/457 377/1838/372 376/1839/519
f 377/1840/372 285/1841/447 485/1842/449
f 485/1843/449 484/1844/520 376/1845/519
f 376/1846/519 377/1403/372 485/1847/449
f 389/1848/521 504/1849/457 376/1850/519
f 352/564/220 378/631/247 731/565/221
f 332/1637/430 378/631/247 352/564/220
f 332/1411/430 379/1410/459 378/1851/247
f 381/1852/460 512/1853/249 378/1854/247
f 332/1855/430 512/1856/249 381/1857/460
f 380/1634/498 382/1858/461 332/1635/430
f 512/1859/249 332/1860/430 265/1861/429
f 380/1862/498 331/1863/488 381/1864/460
f 380/1865/498 378/1866/247 379/1867/459
f 380/1862/498 381/1864/460 378/1868/247
f 382/1869/461 380/1870/498 379/1410/459
f 382/1871/461 381/1872/460 331/1873/488
f 429/1212/412 246/1164/384 245/1874/394
f 253/1206/408 293/1208/403 252/1875/407
f 386/1876/522 252/1877/407 388/1205/409
f 385/1351/369 53/1353/135 383/1878/210
f 53/1879/135 106/1880/137 383/1881/210
f 117/1882/163 383/1883/210 106/1884/137
f 119/1885/209 583/1886/523 383/1887/210
f 383/1888/210 384/1889/451 385/1890/369
f 119/1885/209 10/1891/77 583/1886/523
f 383/1892/210 583/1893/523 577/1894/524
f 252/1877/407 386/1895/522 244/1186/405
f 10/1896/23 244/1897/405 386/1898/522
f 10/1896/23 284/1899/446 244/1897/405
f 10/1896/525 386/1898/526 387/1900/527
f 253/1901/408 252/1902/407 244/1903/405
f 249/1210/406 388/1904/409 252/1875/407
f 10/1905/413 386/1876/522 388/1205/409
f 383/1906/210 577/1907/524 384/1908/451
f 256/1217/410 388/1219/409 251/1909/404
f 389/1910/521 535/1911/528 392/1912/529
f 534/1913/530 392/1912/529 535/1911/528
f 535/1911/528 389/1910/521 484/1914/520
f 393/1915/531 400/1916/532 391/1917/533
f 393/1918/531 390/1919/534 392/1920/529
f 394/1921/392 391/1922/533 400/1923/532
f 398/1924/535 403/1925/536 422/1926/537
f 395/1927/538 413/1928/539 394/1929/392
f 392/1930/529 534/1931/530 537/1932/540
f 236/1933/387 395/1934/538 394/1935/392
f 236/1936/387 404/1937/541 395/1938/538
f 396/1939/389 395/1940/538 397/1941/542
f 399/1942/543 395/1943/538 404/1944/541
f 393/1945/531 392/1946/529 397/1947/542
f 537/1948/540 395/1949/538 392/1950/529
f 537/1951/540 393/1915/531 395/1952/538
f 537/1951/540 400/1916/532 393/1915/531
f 562/1953/544 422/1954/537 394/1955/392
f 562/1956/544 400/1957/532 404/1958/541
f 399/1959/543 404/1960/541 398/1961/535
f 400/1962/532 537/1963/540 397/1964/542
f 400/1965/532 397/1947/542 392/1946/529
f 395/1966/538 400/1965/532 392/1946/529
f 403/1967/536 400/1968/532 395/1969/538
f 403/1970/536 399/1971/543 397/1972/542
f 398/1973/535 422/1974/537 397/1975/542
f 590/1976/545 180/837/295 402/1977/546
f 397/1978/542 395/1979/538 393/1980/531
f 403/1967/536 395/1969/538 399/1981/543
f 401/1982/547 398/1983/535 397/1984/542
f 180/1985/295 425/1986/548 402/1987/546
f 562/1956/544 394/1988/392 400/1957/532
f 398/1989/535 404/1958/541 400/1957/532
f 389/1990/521 376/1991/519 484/1992/520
f 403/1993/536 398/1989/535 400/1957/532
f 404/1994/541 403/1995/536 562/1996/544
f 408/1997/549 409/1998/550 413/1999/539
f 409/2000/550 408/2001/549 407/2002/390
f 410/2003/551 413/2004/539 407/2005/390
f 410/2006/551 409/2007/550 501/2008/552
f 410/2009/551 407/2010/390 408/2011/549
f 413/2004/539 410/2003/551 501/2012/552
f 409/2000/550 407/2002/390 501/2013/552
f 412/2014/553 409/2015/550 406/2016/554
f 412/2017/553 405/2018/555 409/2019/550
f 410/2020/551 405/2021/555 406/2022/554
f 406/2023/554 409/2024/550 410/2025/551
f 393/2026/531 406/2027/554 405/2028/555
f 411/2029/556 391/2030/533 409/2031/550
f 389/1910/521 390/2032/534 504/2033/457
f 506/2034/557 393/2035/531 411/2036/556
f 390/2032/534 389/1910/521 392/1912/529
f 411/2036/556 405/2021/555 410/2020/551
f 506/2034/557 411/2036/556 410/2020/551
f 393/2026/531 405/2028/555 412/2037/553
f 412/2038/553 406/2039/554 391/2040/533
f 411/2041/556 412/2038/553 391/2040/533
f 411/2042/556 409/2043/550 405/2044/555
f 411/2045/556 393/2026/531 412/2037/553
f 393/2046/531 506/2047/557 390/2048/534
f 394/1921/392 409/2049/550 391/1922/533
f 391/2050/533 406/2051/554 393/2052/531
f 396/2053/389 407/2054/390 413/1928/539
f 413/2055/539 409/2056/550 394/2057/392
f 395/1927/538 396/2053/389 413/1928/539
f 245/2058/394 189/2059/326 429/2060/412
f 189/2059/326 415/2061/558 429/2060/412
f 415/2062/558 189/893/326 190/2063/324
f 416/821/301 10/2064/413 417/2065/559
f 439/888/323 415/2066/558 190/889/324
f 10/2067/413 277/2068/441 417/2069/559
f 602/2070/560 10/2064/413 416/821/301
f 417/2071/559 277/2072/441 419/2073/439
f 10/2074/413 286/2075/440 277/2076/441
f 419/2077/439 273/2078/437 272/2079/402
f 417/2065/559 419/1313/439 416/821/301
f 419/1313/439 175/822/294 416/821/301
f 420/2080/561 425/2081/548 180/2082/295
f 180/2083/295 423/2084/562 420/2085/561
f 590/1976/545 425/2086/548 420/2087/561
f 421/2088/563 422/1974/537 420/2087/561
f 423/2084/562 421/2089/563 420/2085/561
f 180/837/295 478/851/308 479/2090/395
f 180/837/295 479/2090/395 423/2091/562
f 402/2092/546 423/2093/562 590/2094/545
f 402/2095/546 425/2096/548 423/2097/562
f 479/2098/395 590/2094/545 423/2093/562
f 425/2096/548 421/2099/563 423/2100/562
f 425/2086/548 590/1976/545 479/2101/395
f 404/2102/541 422/1926/537 403/1925/536
f 479/2103/395 424/2104/393 421/2088/563
f 422/2105/537 404/2106/541 394/2107/392
f 425/2096/548 479/2108/395 421/2099/563
f 422/1974/537 421/2088/563 396/2109/389
f 404/2110/541 236/2111/387 396/1169/389
f 240/1168/388 404/2110/541 396/1169/389
f 404/2112/541 240/1142/388 394/1152/392
f 396/2109/389 421/2088/563 424/2113/393
f 396/2109/389 397/2114/542 422/1974/537
f 359/2115/564 427/2116/391 426/2117/565
f 426/2117/565 424/2118/393 239/2119/306
f 424/2118/393 426/2117/565 427/2116/391
f 426/2120/565 239/2121/306 428/2122/377
f 427/2116/391 359/2115/564 414/2123/566
f 426/2124/565 428/2125/377 435/2126/386
f 426/2124/565 414/2127/566 359/2128/564
f 239/2129/306 474/2130/381 428/2131/377
f 414/2132/566 435/1133/386 427/2133/391
f 429/2134/412 433/2135/376 247/2136/383
f 429/2134/412 430/2137/567 433/2135/376
f 435/2126/386 414/2127/566 426/2124/565
f 432/1122/356 433/1124/376 216/2138/375
f 431/2139/382 432/2140/356 216/1111/375
f 218/2141/568 237/2142/379 433/2143/376
f 430/2144/567 428/1113/377 433/1112/376
f 430/2145/567 218/2146/568 428/2147/377
f 435/2148/386 428/2149/377 218/2150/568
f 435/1133/386 442/1076/363 227/1075/362
f 436/2151/569 435/2152/386 434/2153/570
f 218/2154/568 434/2155/570 435/2156/386
f 430/2137/567 429/2060/412 415/2061/558
f 434/2157/570 430/2137/567 415/2061/558
f 436/2158/569 434/2157/570 415/2061/558
f 436/2159/569 415/2160/558 439/2161/323
f 218/2162/568 430/2163/567 437/2164/378
f 218/2141/568 437/2165/378 237/2142/379
f 439/888/323 192/890/325 430/2163/567
f 435/2166/386 436/2159/569 449/2167/571
f 431/2168/382 443/2169/425 432/2170/356
f 448/2171/427 444/2172/572 441/2173/573
f 441/2174/573 449/2175/571 450/2176/574
f 449/2177/571 260/2178/423 450/2179/574
f 448/2180/427 442/2181/363 449/2182/571
f 261/2183/360 444/2184/572 449/2185/571
f 444/2186/572 448/2187/427 449/2188/571
f 259/2189/421 450/2190/574 439/2191/323
f 449/2192/571 453/2193/426 261/2194/360
f 442/2195/363 444/2196/572 261/2197/360
f 441/2198/573 444/2199/572 453/2200/426
f 435/2201/386 449/2185/571 442/2202/363
f 218/2162/568 432/2170/356 443/2169/425
f 218/2162/568 233/2203/380 432/2170/356
f 218/2204/568 433/2205/376 233/2206/380
f 218/2162/568 443/2169/425 439/888/323
f 434/2207/570 218/2208/568 439/2209/323
f 434/2210/570 439/2211/323 430/2212/567
f 450/2213/574 260/1246/423 443/1248/425
f 430/2163/567 192/890/325 437/2164/378
f 440/2214/575 453/2215/426 235/1070/358
f 441/2216/573 436/2159/569 439/2217/323
f 441/2216/573 439/2217/323 448/2180/427
f 445/2218/576 447/2219/577 235/1070/358
f 441/2174/573 450/2176/574 259/2220/421
f 448/2180/427 260/2221/423 442/2181/363
f 453/2222/426 452/2223/578 261/2224/360
f 445/2218/576 235/1070/358 457/2225/579
f 445/2218/576 457/2225/579 446/2226/580
f 446/2227/580 457/2228/579 440/2229/575
f 446/2230/580 451/2231/581 498/2232/582
f 446/2233/580 440/2234/575 451/2235/581
f 442/2236/363 260/2237/423 453/2238/426
f 451/2235/581 440/2234/575 447/2239/577
f 439/2240/323 443/2241/425 259/2242/421
f 451/2243/581 445/2244/576 502/2245/583
f 445/2218/576 498/2246/582 502/2247/583
f 452/2248/578 451/2249/581 502/2250/583
f 447/2219/577 502/2247/583 235/1070/358
f 447/2251/577 445/2252/576 451/2253/581
f 452/2248/578 502/2250/583 447/2254/577
f 448/2255/427 439/2256/323 450/2257/574
f 457/2258/579 498/2259/582 451/2260/581
f 457/2258/579 451/2260/581 452/2261/578
f 446/2226/580 498/2246/582 445/2218/576
f 448/2255/427 450/2257/574 443/2262/425
f 441/2198/573 453/2200/426 449/2263/571
f 441/2174/573 259/2220/421 436/2264/569
f 444/2199/572 442/2265/363 453/2200/426
f 259/2242/421 260/2266/423 449/2267/571
f 449/2267/571 436/2268/569 259/2242/421
f 453/2215/426 487/2269/506 492/2270/584
f 235/1070/358 502/2247/583 231/1071/359
f 339/2271/505 453/2215/426 492/2270/584
f 453/2215/426 339/2271/505 498/2246/582
f 498/2246/582 457/2225/579 453/2215/426
f 487/2272/506 498/2273/582 492/2274/584
f 447/2275/577 511/2276/361 452/2261/578
f 453/2215/426 457/2225/579 235/1070/358
f 440/2277/575 452/2261/578 453/2278/426
f 440/2277/575 457/2258/579 452/2261/578
f 173/803/289 681/1379/452 195/2279/331
f 455/2280/420 812/2281/223 458/2282/330
f 50/2283/126 23/2284/585 826/2285/586
f 454/2286/417 456/569/225 459/570/226
f 50/2287/126 826/2288/586 824/2289/132
f 456/569/225 454/2286/417 257/2290/416
f 486/2291/125 454/2292/417 23/2293/585
f 812/2294/223 455/1377/420 814/172/90
f 460/2295/587 454/2296/417 459/2297/226
f 486/2298/125 461/2299/588 462/2300/589
f 23/2301/585 461/2302/588 486/2303/125
f 486/2304/125 460/2305/587 50/2306/126
f 454/2307/417 460/2308/587 462/2309/589
f 486/2310/125 462/2311/589 460/2312/587
f 454/2307/417 462/2313/589 23/2314/585
f 460/2315/587 459/2316/226 461/2317/588
f 461/2318/588 23/2319/585 50/2320/126
f 50/2320/126 460/2321/587 461/2318/588
f 474/2322/381 480/2323/590 216/2324/375
f 763/990/49 289/2325/436 221/1000/352
f 681/1379/452 173/803/289 794/802/288
f 464/2326/298 471/2327/302 472/2328/299
f 464/2326/298 478/851/308 179/836/303
f 177/2329/304 178/2330/305 239/2331/306
f 463/1314/428 466/2332/591 464/2326/298
f 471/2333/302 465/2334/307 178/843/305
f 471/2335/302 179/2336/303 465/2337/307
f 178/2338/305 470/2339/592 474/2340/381
f 465/2341/307 476/2342/593 178/2343/305
f 470/2344/592 476/2345/593 475/2346/594
f 470/2344/592 178/2347/305 476/2345/593
f 469/2348/595 465/2349/307 470/2350/592
f 424/2351/393 468/1167/396 239/2352/306
f 469/2348/595 476/2353/593 465/2349/307
f 465/2354/307 479/2355/395 477/2356/596
f 465/2357/307 424/2358/393 479/2359/395
f 465/2357/307 468/2360/396 424/2358/393
f 178/2338/305 474/2340/381 239/2361/306
f 479/2362/395 467/2363/597 477/2364/596
f 239/2365/306 478/2366/308 467/2367/597
f 465/2368/307 239/2365/306 467/2367/597
f 465/2369/307 477/2370/596 474/2340/381
f 239/2352/306 468/1167/396 478/1166/308
f 467/2371/597 478/2372/308 477/2373/596
f 272/1183/402 481/928/340 463/2374/428
f 475/2375/594 476/2376/593 478/2377/308
f 470/2344/592 475/2346/594 469/2378/595
f 464/2326/298 466/2379/591 478/851/308
f 466/2332/591 463/1314/428 482/2380/598
f 469/2381/595 475/2382/594 466/2383/591
f 469/2384/595 473/2385/599 474/2386/381
f 482/2380/598 463/1314/428 481/2387/340
f 469/2384/595 474/2386/381 476/2388/593
f 475/2375/594 478/2377/308 473/2389/599
f 478/2377/308 476/2376/593 477/2390/596
f 465/2391/307 467/2392/597 468/2393/396
f 479/2362/395 468/2394/396 467/2363/597
f 470/2395/592 465/850/307 474/2396/381
f 474/2397/381 477/2398/596 476/2399/593
f 480/2400/590 478/2401/308 466/2383/591
f 478/2402/308 480/2403/590 474/2404/381
f 473/2405/599 480/2406/590 475/2407/594
f 469/2384/595 480/2323/590 473/2385/599
f 480/2323/590 469/2384/595 482/2408/598
f 466/2409/591 482/2410/598 469/2411/595
f 475/2382/594 480/2400/590 466/2383/591
f 474/2412/381 473/2413/599 478/2414/308
f 482/2415/598 481/2416/340 480/2417/590
f 248/2418/397 198/2419/336 243/2420/333
f 480/2421/590 229/2422/342 216/2423/375
f 480/2424/590 481/2425/340 229/2426/342
f 529/1370/450 535/2427/528 290/1396/453
f 535/2427/528 484/2428/520 290/1396/453
f 485/1368/449 290/1396/453 484/2428/520
f 539/2429/600 529/1370/450 579/2430/448
f 529/2431/450 285/2432/447 579/2433/448
f 490/2434/601 336/2435/312 181/2436/310
f 181/2437/310 357/2438/283 490/2439/601
f 490/2439/601 489/2440/503 336/2441/312
f 492/2442/584 337/1659/422 339/2443/505
f 488/2444/504 489/2445/503 499/2446/602
f 495/2447/603 489/2448/503 490/2449/601
f 408/2450/549 488/2451/504 499/2452/602
f 498/2453/582 488/2454/504 337/2455/422
f 498/2456/582 337/2457/422 492/2458/584
f 496/2459/604 495/2460/603 499/2461/602
f 370/2462/517 491/2463/509 490/2464/601
f 357/780/283 370/2462/517 490/2464/601
f 488/2454/504 496/2465/604 497/2466/605
f 339/2467/505 488/2454/504 498/2453/582
f 337/2455/422 488/2454/504 497/2466/605
f 408/2468/549 499/2469/602 495/2470/603
f 496/2471/604 488/2472/504 408/2473/549
f 496/2474/604 489/2445/503 497/2475/605
f 497/2476/605 489/2477/503 495/2478/603
f 494/2479/606 487/2480/506 497/2481/605
f 500/2482/607 497/2483/605 498/2484/582
f 495/2478/603 501/2485/552 497/2476/605
f 496/2474/604 499/2446/602 489/2445/503
f 487/2486/506 337/2455/422 497/2466/605
f 493/2487/608 503/2488/609 497/2489/605
f 493/2490/608 494/2479/606 503/2491/609
f 503/2492/609 498/2493/582 497/2494/605
f 493/2495/608 487/2496/506 494/2497/606
f 505/2498/610 490/2499/601 491/2500/509
f 496/2471/604 408/2473/549 501/2501/552
f 501/2502/552 495/2503/603 496/2504/604
f 493/2505/608 497/2506/605 501/2501/552
f 501/2507/552 502/2508/583 487/2509/506
f 494/2510/606 497/2511/605 500/2512/607
f 487/2513/506 500/2482/607 498/2484/582
f 503/2514/609 502/2515/583 498/2273/582
f 502/2516/583 500/2482/607 487/2513/506
f 501/2507/552 487/2509/506 493/2517/608
f 505/2518/610 495/2519/603 490/2520/601
f 511/2521/361 447/2522/577 440/2523/575
f 503/2524/609 500/2482/607 502/2516/583
f 505/2525/610 408/2526/549 495/2527/603
f 500/2482/607 503/2528/609 494/2529/606
f 356/1756/143 370/2462/517 357/780/283
f 505/2530/610 491/2531/509 390/2032/534
f 504/1692/457 390/2532/534 491/1693/509
f 502/2533/583 407/1146/390 231/1145/359
f 501/2534/552 408/2535/549 413/2536/539
f 501/2537/552 407/1146/390 502/2533/583
f 370/2538/517 345/2539/456 491/2540/509
f 370/2541/517 505/2542/610 345/2543/456
f 372/2544/515 345/2545/456 390/2032/534
f 345/2545/456 505/2530/610 390/2032/534
f 505/2546/610 370/2547/517 372/2548/515
f 506/2549/557 372/2550/515 390/2551/534
f 410/2552/551 408/2553/549 505/2554/610
f 506/2549/557 505/2555/610 372/2550/515
f 506/2556/557 410/2552/551 505/2554/610
f 292/2557/291 508/2558/611 509/2559/612
f 509/2559/612 508/2558/611 510/2560/292
f 510/2560/292 508/2558/611 507/2561/290
f 57/2562/613 508/2558/611 292/2563/291
f 292/2564/291 732/2565/614 510/2566/292
f 510/2567/292 732/2568/614 86/2569/173
f 510/2570/292 86/435/173 509/2571/612
f 86/435/173 309/436/184 509/2571/612
f 507/2572/290 509/2573/612 309/2574/184
f 509/2573/612 507/2572/290 732/2575/614
f 511/2521/361 440/2523/575 235/2576/358
f 509/2577/612 732/2565/614 292/2564/291
f 261/2578/360 452/2579/578 511/2580/361
f 106/2581/137 96/2582/138 103/2583/191
f 283/555/25 176/50/22 14/49/21
f 123/2584/50 763/2585/49 213/2586/218
f 209/1018/212 16/2587/37 161/1019/228
f 209/553/212 220/1026/279 124/566/222
f 220/2588/279 123/2589/50 764/2590/211
f 461/2591/588 459/2592/226 462/2593/589
f 23/2594/585 462/2595/589 459/2596/226
f 416/821/301 592/820/300 602/2597/560
f 399/2598/543 560/2599/615 397/2600/542
f 10/2601/616 515/2602/617 513/2603/618
f 514/2604/619 513/2605/618 515/2606/617
f 533/2607/620 513/2608/618 514/2609/619
f 516/2610/621 10/2611/622 515/2612/623
f 515/2613/617 10/2614/413 514/2615/619
f 514/2609/619 517/2616/624 533/2607/620
f 553/2617/625 551/2618/626 517/2616/624
f 514/2609/619 10/2619/413 517/2616/624
f 517/2616/624 519/2620/627 553/2617/625
f 518/2621/628 520/2622/629 519/2623/627
f 553/2624/625 519/2623/627 520/2622/629
f 10/2625/413 518/2626/628 517/2616/624
f 517/2616/624 518/2626/628 519/2620/627
f 554/2627/630 520/2628/629 523/2629/631
f 521/2630/632 522/2631/633 520/2632/629
f 10/2633/413 521/2634/632 520/2622/629
f 522/2635/633 523/2636/631 520/2622/629
f 10/2633/413 520/2622/629 518/2621/628
f 588/2637/634 522/2635/633 521/2634/632
f 10/2638/413 588/2639/634 521/2640/632
f 525/2641/635 384/2642/451 524/2643/636
f 524/2644/636 526/2645/637 579/2646/448
f 526/2647/637 524/2648/636 384/2649/451
f 579/2650/448 384/2651/451 525/2652/635
f 577/2653/524 526/2647/637 384/2649/451
f 577/2654/524 525/2655/635 526/2656/637
f 525/2657/635 524/2658/636 578/2659/638
f 539/2429/600 579/2430/448 528/2660/639
f 525/2657/635 578/2659/638 527/2661/640
f 527/2662/640 526/2645/637 525/2663/635
f 530/2664/641 579/2665/448 526/2666/637
f 530/2667/641 526/2668/637 527/2669/640
f 397/1972/542 562/2670/544 403/1970/536
f 537/2671/540 562/2670/544 397/1972/542
f 530/2667/641 528/2660/639 579/2430/448
f 530/2672/641 527/2673/640 580/2674/642
f 532/2675/643 529/1370/450 539/2429/600
f 528/2660/639 538/2676/644 539/2429/600
f 532/2677/643 536/2678/645 538/2679/644
f 532/2675/643 538/2680/644 529/1370/450
f 531/2681/646 528/2682/639 530/2683/641
f 533/2684/620 528/2685/639 531/2686/646
f 10/2687/647 533/2688/620 531/2689/646
f 541/2690/648 542/2691/649 538/2679/644
f 533/2692/620 530/2693/641 580/2694/642
f 513/2695/618 533/2696/620 580/2697/642
f 10/2687/647 530/2698/641 533/2688/620
f 536/2699/645 539/2700/600 538/2701/644
f 535/2427/528 538/2680/644 534/2702/530
f 533/2607/620 540/2703/650 528/2660/639
f 538/2680/644 535/2427/528 529/1370/450
f 528/2704/639 542/2705/649 536/2699/645
f 528/2704/639 540/2706/650 542/2705/649
f 538/2707/644 528/2708/639 541/2709/648
f 532/2677/643 541/2690/648 536/2678/645
f 531/2710/646 530/2711/641 10/2712/647
f 513/2608/618 580/2713/642 10/2714/616
f 542/2705/649 539/2700/600 536/2699/645
f 543/2715/651 541/2690/648 532/2677/643
f 543/2715/651 532/2677/643 539/2716/600
f 536/2717/645 541/2709/648 528/2708/639
f 537/2718/540 557/2719/652 552/2720/653
f 541/2721/648 539/2700/600 542/2705/649
f 534/2722/530 557/2723/652 558/2724/654
f 549/2725/655 545/2726/656 544/2727/657
f 552/2728/653 557/2729/652 534/2730/530
f 549/2725/655 540/2731/650 541/2732/648
f 541/2721/648 540/2706/650 533/2733/620
f 549/2725/655 541/2734/648 543/2735/651
f 541/2721/648 533/2733/620 539/2700/600
f 539/2700/600 533/2733/620 543/2736/651
f 543/2737/651 544/2738/657 547/2739/658
f 533/2740/620 546/2741/659 549/2742/655
f 546/2743/659 540/2744/650 549/2745/655
f 547/2739/658 544/2738/657 550/2746/660
f 538/2747/644 542/2748/649 550/2749/660
f 517/2750/624 538/2751/644 550/2752/660
f 550/2753/660 549/2725/655 543/2735/651
f 547/2754/658 538/2755/644 517/2756/624
f 543/2757/651 547/2758/658 517/2759/624
f 533/2760/620 545/2761/656 542/2762/649
f 543/2735/651 551/2763/626 550/2753/660
f 533/2764/620 542/2765/649 548/2766/661
f 548/2767/661 542/2768/649 540/2703/650
f 556/2769/662 554/2770/630 557/2771/652
f 533/2740/620 549/2742/655 544/2738/657
f 544/2738/657 543/2737/651 533/2740/620
f 533/2607/620 517/2616/624 545/2772/656
f 547/2754/658 551/2773/626 538/2755/644
f 551/2774/626 543/2737/651 517/2775/624
f 537/2776/540 534/2777/530 558/2778/654
f 558/2724/654 557/2723/652 554/2779/630
f 556/2780/662 537/2781/540 558/2782/654
f 556/2783/662 552/2784/653 554/2785/630
f 553/2624/625 538/2680/644 551/2618/626
f 553/2624/625 534/2702/530 538/2680/644
f 517/2786/624 546/2741/659 545/2787/656
f 540/2731/650 545/2726/656 548/2788/661
f 546/2741/659 517/2786/624 550/2746/660
f 545/2789/656 550/2790/660 542/2791/649
f 540/2731/650 544/2727/657 545/2726/656
f 546/2792/659 544/2793/657 540/2794/650
f 546/2741/659 548/2795/661 545/2787/656
f 550/2753/660 545/2726/656 549/2725/655
f 546/2741/659 533/2740/620 548/2795/661
f 550/2746/660 544/2738/657 546/2741/659
f 551/2763/626 547/2754/658 550/2753/660
f 553/2796/625 554/2797/630 552/2728/653
f 553/2624/625 552/2798/653 534/2702/530
f 537/2799/540 556/2769/662 557/2771/652
f 537/2671/540 552/2800/653 562/2670/544
f 552/2800/653 555/2801/663 562/2670/544
f 554/2802/630 562/2670/544 555/2801/663
f 566/2803/664 555/2804/663 564/2805/665
f 556/2806/662 555/2807/663 552/2808/653
f 556/2806/662 558/2809/654 555/2807/663
f 553/2624/625 520/2622/629 554/2810/630
f 559/2811/666 562/2812/544 554/2813/630
f 558/2809/654 554/2814/630 564/2815/665
f 401/2816/547 561/2817/667 398/1973/535
f 398/2818/535 560/2819/615 399/1959/543
f 397/2820/542 560/2819/615 401/2821/547
f 555/2822/663 563/2823/668 554/2824/630
f 563/2825/668 564/2826/665 554/2827/630
f 564/2828/665 555/2829/663 558/2830/654
f 561/2831/667 560/2832/615 398/2833/535
f 401/2834/547 560/2835/615 562/2836/544
f 559/2837/666 523/2838/631 566/2839/664
f 523/2840/631 559/2811/666 554/2813/630
f 585/2841/669 562/2842/544 560/2843/615
f 566/2844/664 563/2845/668 555/2846/663
f 563/2847/668 561/2848/667 401/2849/547
f 565/2850/670 560/2832/615 561/2831/667
f 559/2851/666 565/2852/670 562/2836/544
f 587/2853/671 585/2854/669 559/2855/666
f 566/2856/664 587/2857/671 559/2858/666
f 565/2859/670 587/2860/671 566/2861/664
f 565/2850/670 585/2862/669 560/2832/615
f 523/2863/631 561/2831/667 563/2864/668
f 565/2850/670 561/2831/667 523/2863/631
f 559/2837/666 585/2865/669 565/2866/670
f 566/2803/664 564/2805/665 565/2867/670
f 564/2805/665 563/2868/668 565/2867/670
f 562/2836/544 563/2869/668 401/2834/547
f 523/2863/631 587/2870/671 565/2850/670
f 565/2852/670 563/2869/668 562/2836/544
f 563/2871/668 566/2872/664 523/2873/631
f 523/2636/631 522/2635/633 587/2874/671
f 569/2875/672 588/2876/634 571/2877/673
f 572/2878/674 569/2879/672 573/2880/675
f 573/2881/675 569/2882/672 567/2883/676
f 568/2884/677 570/2885/678 569/2886/672
f 571/2887/673 567/2888/676 569/2889/672
f 10/2890/679 573/2891/675 568/2892/677
f 568/2884/677 573/2893/675 570/2885/678
f 569/2882/672 572/2894/674 568/2895/677
f 10/2896/679 572/2878/674 573/2880/675
f 10/2897/679 568/2884/677 572/2898/674
f 570/2899/678 573/2900/675 567/2901/676
f 571/2887/673 10/2902/413 567/2888/676
f 10/2903/413 571/2904/673 588/2905/634
f 10/2906/413 574/2907/680 570/2908/678
f 574/2909/680 575/2910/681 570/2911/678
f 575/2912/681 574/2913/680 589/2914/682
f 10/2915/413 570/2916/678 567/2917/676
f 589/2918/682 576/2919/683 594/2920/684
f 583/2921/523 581/2922/685 527/2923/640
f 527/2923/640 577/2924/524 583/2921/523
f 578/2925/638 579/2926/448 577/2927/524
f 581/2928/685 583/2929/523 10/2930/77
f 580/2931/642 581/2932/685 10/2933/616
f 582/2934/686 10/2933/687 581/2932/688
f 581/2935/685 580/2936/642 527/2937/640
f 577/2927/524 579/2926/448 525/2938/635
f 578/2925/638 577/2927/524 527/2939/640
f 524/2940/636 579/2941/448 578/2942/638
f 588/2943/634 590/1976/545 420/2087/561
f 422/2944/537 588/2945/634 584/2946/689
f 562/2947/544 588/2948/634 422/2949/537
f 562/2950/544 587/2951/671 588/2952/634
f 562/2953/544 585/2954/669 586/2955/690
f 587/2951/671 584/2946/689 585/2956/669
f 586/2957/690 587/2958/671 562/2959/544
f 586/2957/690 422/2960/537 587/2958/671
f 586/2957/690 420/2961/561 422/2960/537
f 422/2962/537 584/2963/689 587/2964/671
f 584/2965/689 420/2087/561 586/2966/690
f 584/2946/689 586/2967/690 585/2956/669
f 584/2965/689 588/2943/634 420/2087/561
f 569/2968/672 570/2969/678 588/2970/634
f 570/2971/678 590/2972/545 588/2973/634
f 591/2974/293 180/837/295 590/1976/545
f 570/2975/678 589/2976/682 590/2977/545
f 587/2874/671 522/2635/633 588/2978/634
f 589/2979/682 570/2908/678 575/2980/681
f 590/1976/545 589/2979/682 596/2981/691
f 596/2981/691 591/2974/293 590/1976/545
f 597/2982/692 596/2981/691 589/2979/682
f 589/2979/682 10/2983/413 576/2984/683
f 589/2979/682 574/2985/680 10/2983/413
f 593/2986/693 592/2987/300 591/2988/293
f 600/2989/694 602/2597/560 592/820/300
f 600/2990/694 596/2991/691 599/2992/695
f 594/2993/684 597/2982/692 589/2979/682
f 599/2994/695 596/2981/691 597/2982/692
f 10/2995/413 600/2996/694 599/2994/695
f 595/2997/696 596/2991/691 600/2990/694
f 576/2998/683 599/2999/695 597/3000/692
f 593/3001/693 591/3002/293 596/3003/691
f 597/3004/692 594/3005/684 576/3006/683
f 600/2990/694 593/3007/693 595/2997/696
f 593/3008/693 600/3009/694 592/3010/300
f 10/3011/413 602/2597/560 600/2989/694
f 593/3012/693 598/3013/697 595/3014/696
f 601/3015/698 593/3016/693 596/3017/691
f 601/3018/698 596/3019/691 595/3020/696
f 10/3021/699 595/3022/696 598/3023/697
f 10/3024/699 601/3018/698 595/3020/696
f 593/3012/693 601/3025/698 598/3013/697
f 599/3026/695 576/3027/683 10/3028/413
f 601/3029/698 10/3030/699 598/3031/697
f 647/3032/700 648/3033/72 605/3034/71
f 28/3035/61 604/3036/63 605/3037/71
f 603/3038/64 614/3039/701 604/3040/63
f 605/3037/71 604/3036/63 614/3041/701
f 20/3042/39 21/3043/48 609/3044/702
f 614/3045/701 10/3046/70 605/3047/71
f 10/3048/70 607/3049/703 605/3034/71
f 609/3050/702 608/3051/46 20/3052/39
f 3/11/7 791/3053/236 829/3054/704
f 611/3055/705 763/990/49 762/3056/41
f 10/3057/70 614/3058/701 603/3059/64
f 829/3054/704 610/3060/85 3/11/7
f 762/3061/41 613/3062/706 611/3063/705
f 609/3064/702 612/3065/47 762/3066/41
f 608/3067/46 641/3068/707 612/3069/47
f 612/3069/47 641/3068/707 831/100/43
f 21/3070/48 612/3071/47 609/3072/702
f 19/3073/42 20/3074/39 608/3075/46
f 611/3076/705 613/3077/706 626/3078/708
f 610/3060/85 32/3079/87 35/3080/102
f 749/3081/86 610/3060/85 615/3082/91
f 643/3083/709 613/3084/706 762/3085/41
f 829/3054/704 615/3082/91 610/3060/85
f 762/3086/41 20/3087/39 19/3088/42
f 3/11/7 620/3089/710 136/9/4
f 619/199/101 618/3090/711 3/11/7
f 3/11/7 35/3080/102 619/199/101
f 19/3073/42 608/3075/46 21/3091/48
f 618/3092/711 620/3093/710 623/3094/712
f 620/3095/710 3/3096/7 616/3097/713
f 623/3098/712 620/3099/710 616/3100/713
f 616/3101/713 136/3102/4 623/3103/712
f 618/3104/711 619/3105/101 620/3106/710
f 3/3107/7 618/3108/711 616/3109/713
f 617/3110/714 622/3111/715 4/3112/16
f 618/3113/711 624/3114/14 136/3115/4
f 3/11/7 610/3060/85 35/3080/102
f 619/199/101 621/3116/716 623/3117/712
f 620/3089/710 619/199/101 136/9/4
f 618/3118/711 617/3119/714 621/3120/716
f 136/9/4 619/199/101 623/3117/712
f 624/55/14 623/3117/712 4/22/16
f 618/3121/711 136/3122/4 616/3123/713
f 618/3124/711 623/3125/712 622/3126/715
f 623/3127/712 621/3128/716 617/3129/714
f 624/3130/14 625/3131/717 622/3132/715
f 625/3133/717 624/3114/14 618/3113/711
f 618/3134/711 622/3135/715 617/3129/714
f 623/3136/712 624/3130/14 622/3132/715
f 621/3116/716 619/199/101 4/22/16
f 625/3131/717 4/3137/16 622/3132/715
f 4/22/16 742/198/100 740/3138/20
f 618/3118/711 621/3120/716 625/3139/717
f 4/3137/16 625/3131/717 621/3140/716
f 762/3141/41 641/3142/707 608/3143/46
f 634/3144/718 628/3145/719 633/3146/720
f 634/3144/718 633/3146/720 630/3147/97
f 634/3148/718 630/3149/97 636/3150/721
f 636/3151/721 628/3152/719 747/3153/98
f 623/3154/712 617/3155/714 4/3156/16
f 630/3149/97 672/3157/722 636/3150/721
f 747/3158/98 628/3152/719 632/3159/95
f 634/3160/718 629/3161/94 673/3162/723
f 634/3163/718 672/3164/722 627/3165/93
f 631/3166/724 630/3167/97 629/3168/94
f 628/3152/719 636/3151/721 633/3169/720
f 672/3164/722 630/3167/97 631/3166/724
f 747/3170/98 672/3171/722 631/3172/724
f 747/3173/98 631/3174/724 634/3175/718
f 672/3164/722 747/3176/98 627/3165/93
f 634/3177/718 627/3178/93 632/3179/95
f 634/3180/718 632/3181/95 628/3182/719
f 747/3183/98 634/3184/718 636/3185/721
f 634/3186/718 673/3187/723 672/3188/722
f 34/3189/96 633/3190/720 635/3191/51
f 633/3192/720 636/3193/721 638/3194/725
f 633/3195/720 34/3196/96 632/189/95
f 640/3197/726 639/3198/727 635/3199/51
f 633/3200/720 640/3201/726 635/3202/51
f 748/3203/728 672/3204/722 637/3205/729
f 672/3206/722 642/3207/730 636/3208/721
f 642/3209/730 639/3210/727 636/3211/721
f 642/3212/730 633/3213/720 639/3214/727
f 833/3215/731 613/3216/706 643/3217/709
f 633/3192/720 638/3194/725 639/3218/727
f 639/3218/727 638/3194/725 635/3219/51
f 684/3220/104 638/3221/725 636/3222/721
f 638/3221/725 684/3220/104 635/3191/51
f 609/3223/702 762/3224/41 608/3225/46
f 748/3226/728 642/3207/730 672/3206/722
f 636/3211/721 639/3210/727 684/3227/104
f 831/100/43 643/3228/709 762/3229/41
f 748/3203/728 637/3205/729 674/3230/732
f 640/3231/726 633/3232/720 642/3233/730
f 684/3227/104 639/3210/727 640/3234/726
f 640/3235/726 642/3236/730 684/3237/104
f 632/3238/95 754/3239/733 747/3240/98
f 751/3241/734 632/3242/95 750/3243/735
f 632/3238/95 751/3244/734 754/3239/733
f 613/3245/706 833/3246/731 626/3247/708
f 644/3248/736 684/3220/104 642/3207/730
f 753/3249/737 756/3250/738 748/3251/728
f 748/3226/728 644/3248/736 642/3207/730
f 646/3252/739 691/3253/740 684/3220/104
f 751/3254/734 644/3248/736 748/3226/728
f 691/3253/740 692/3255/741 684/3220/104
f 644/3248/736 646/3252/739 684/3220/104
f 748/3251/728 756/3250/738 751/3256/734
f 644/3257/736 756/3258/738 645/3259/742
f 730/563/219 676/3260/743 122/3261/455
f 645/3262/742 670/3263/744 644/3248/736
f 670/3263/744 646/3264/739 644/3248/736
f 19/3265/42 641/3266/707 762/3267/41
f 768/3268/745 680/3269/121 679/3270/746
f 19/98/42 831/100/43 641/3271/707
f 627/3272/93 630/3149/97 632/3273/95
f 612/3065/47 831/3274/43 762/3066/41
f 832/3275/62 22/3276/45 834/3277/65
f 615/3278/91 830/3279/747 647/3032/700
f 169/3280/285 650/554/213 654/556/24
f 120/3281/284 283/3282/25 649/3283/748
f 650/3284/213 649/3285/748 283/3286/25
f 57/3287/613 733/3288/749 734/3289/178
f 647/3290/700 660/3291/750 615/3292/91
f 653/3293/751 651/3294/215 170/3295/214
f 120/790/284 121/792/286 651/3296/215
f 650/3297/213 651/3296/215 653/3298/751
f 120/790/284 651/3296/215 650/3297/213
f 120/3299/284 649/3300/748 652/3301/752
f 652/3301/752 170/3302/214 120/3299/284
f 659/3303/753 121/3304/286 169/785/285
f 169/785/285 654/3305/24 659/3303/753
f 650/3297/213 659/3306/753 652/3307/752
f 650/3308/213 652/3309/752 649/3283/748
f 650/3297/213 653/3298/751 659/3306/753
f 652/3310/752 651/793/215 121/3304/286
f 121/3304/286 659/3303/753 653/3311/751
f 653/3312/751 170/3302/214 652/3301/752
f 647/3032/700 605/3034/71 607/3049/703
f 18/794/36 651/793/215 659/3303/753
f 652/3310/752 659/3303/753 651/793/215
f 659/3313/753 658/3314/754 655/3315/755
f 656/3316/756 654/3317/24 662/3318/757
f 656/3319/756 658/3320/754 657/3321/758
f 655/3322/755 658/3323/754 656/3324/756
f 657/3325/758 662/3318/757 654/3317/24
f 659/3326/753 656/3327/756 657/3328/758
f 654/3329/24 15/3330/29 657/3331/758
f 659/3332/753 657/3333/758 15/3334/29
f 659/3332/753 15/3334/29 658/3335/754
f 659/3336/753 654/3317/24 656/3316/756
f 659/3337/753 655/3338/755 711/3339/759
f 657/3321/758 658/3320/754 662/3340/757
f 656/3341/756 662/3342/757 655/3343/755
f 661/3344/760 660/3345/750 664/3346/761
f 664/3347/761 637/3348/729 661/3349/760
f 647/3350/700 607/3351/703 660/3352/750
f 666/3353/762 665/3354/763 607/3355/703
f 711/3356/759 706/3357/764 663/3358/33
f 660/3359/750 673/3360/723 33/3361/92
f 169/3362/285 120/3363/284 650/3364/213
f 664/3365/761 673/3366/723 671/3367/765
f 671/3368/765 673/3369/723 661/3370/760
f 661/3349/760 637/3348/729 631/3371/724
f 665/3354/763 660/3372/750 607/3355/703
f 671/3367/765 637/3373/729 664/3365/761
f 710/3374/766 658/3375/754 15/3376/29
f 659/3303/753 663/3358/33 18/794/36
f 607/3355/703 10/3377/70 666/3378/762
f 658/3379/754 711/3380/759 662/3381/757
f 655/3382/755 662/3383/757 711/3384/759
f 659/3385/753 711/3386/759 663/3387/33
f 664/3346/761 660/3345/750 674/3388/732
f 675/3389/767 665/3390/763 666/3391/762
f 706/3357/764 11/3392/34 663/3358/33
f 661/3393/760 673/3394/723 660/3395/750
f 825/287/131 828/571/227 826/3396/586
f 665/3397/763 674/3398/732 660/3345/750
f 668/3399/768 10/3400/70 667/3401/769
f 756/3402/738 10/3403/70 668/3404/768
f 23/2284/585 822/3405/770 827/3406/771
f 756/3258/738 668/3407/768 645/3408/742
f 669/3409/772 667/3410/769 10/3411/70
f 667/3401/769 670/3263/744 645/3412/742
f 670/3413/744 667/3401/769 669/3414/772
f 670/3415/744 697/3416/773 646/3417/739
f 645/3418/742 668/3419/768 667/3420/769
f 805/3421/774 670/3422/744 804/3423/775
f 669/3414/772 804/3423/775 670/3422/744
f 670/3424/744 805/3425/774 697/3426/773
f 633/3427/720 632/3273/95 630/3149/97
f 671/3428/765 661/3429/760 631/3430/724
f 629/3431/94 33/3432/92 673/3433/723
f 10/3434/70 134/3435/776 666/3436/762
f 634/3437/718 637/3205/729 629/3438/94
f 629/3438/94 637/3205/729 672/3204/722
f 629/3439/94 672/3440/722 671/3368/765
f 631/3441/724 637/3442/729 634/3443/718
f 629/3444/94 671/3428/765 631/3430/724
f 748/3445/728 674/3446/732 665/3447/763
f 760/3448/777 134/3449/776 10/3450/70
f 134/3449/776 675/3451/767 666/3452/762
f 671/3368/765 672/3453/722 674/3454/732
f 760/3448/777 753/3455/737 134/3449/776
f 675/3456/767 134/3449/776 753/3455/737
f 675/3457/767 748/3458/728 665/3459/763
f 673/3460/723 674/3461/732 672/3462/722
f 637/3463/729 671/3464/765 674/3388/732
f 664/3465/761 674/3466/732 673/3467/723
f 122/3468/455 292/1413/291 291/3469/454
f 748/3445/728 675/3456/767 753/3455/737
f 768/3268/745 122/3468/455 676/3470/743
f 676/3471/743 766/3472/778 768/3473/745
f 678/3474/779 766/3475/778 676/3476/743
f 678/3477/779 676/3478/743 677/3479/780
f 122/3480/455 768/3481/745 678/3482/779
f 733/3288/749 292/1413/291 680/3269/121
f 680/3269/121 292/1413/291 678/3483/779
f 678/3474/779 679/3484/746 766/3475/778
f 292/1413/291 122/3468/455 678/3483/779
f 766/3485/778 679/3486/746 680/3487/121
f 680/3488/121 677/3489/780 766/3490/778
f 678/3482/779 768/3481/745 679/3491/746
f 677/3479/780 680/3492/121 678/3477/779
f 438/3493/268 289/2325/436 763/990/49
f 790/3494/781 683/3495/81 681/1379/452
f 814/172/90 681/1379/452 683/3495/81
f 807/3496/782 729/3497/783 792/3498/784
f 807/3499/782 763/990/49 611/3055/705
f 794/802/288 790/3494/781 681/1379/452
f 814/172/90 683/3495/81 29/170/83
f 611/3500/705 626/3501/708 807/3502/782
f 790/3503/781 788/3504/785 683/3505/81
f 684/207/104 687/3506/786 682/205/52
f 686/3507/124 682/205/52 688/3508/787
f 682/3509/52 686/3510/124 746/3511/788
f 690/3512/789 698/3513/790 686/3514/124
f 687/3506/786 688/3508/787 682/205/52
f 702/3515/791 686/3514/124 698/3513/790
f 788/3516/785 685/3517/84 683/3518/81
f 688/3508/787 687/3519/786 689/3520/792
f 690/3521/789 686/3522/124 688/3523/787
f 215/1033/217 764/3524/211 124/1034/222
f 684/3525/104 692/3526/741 687/3527/786
f 690/3528/789 688/3529/787 700/3530/793
f 703/3531/794 689/3532/792 693/3533/795
f 703/3534/794 694/3535/796 689/3536/792
f 693/3537/795 694/3538/796 695/3539/797
f 703/3540/794 695/3541/797 694/3542/796
f 691/3543/740 694/3544/796 692/3545/741
f 695/3546/797 691/3547/740 693/3548/795
f 693/3549/795 692/3545/741 694/3544/796
f 687/3550/786 692/3551/741 696/3552/798
f 687/3553/786 696/3554/798 689/3520/792
f 692/3555/741 689/3556/792 697/3557/773
f 696/3558/798 692/3559/741 697/3560/773
f 700/3530/793 688/3529/787 698/3561/790
f 697/3562/773 805/3563/774 696/3564/798
f 782/3565/799 700/3566/793 699/3567/800
f 782/3565/799 686/3568/124 700/3566/793
f 646/3569/739 696/3564/798 805/3563/774
f 686/3570/124 702/3571/791 699/3572/800
f 705/3573/801 690/3574/789 704/3575/802
f 705/3573/801 699/3567/800 702/3576/791
f 699/3577/800 708/3578/803 686/3579/124
f 704/3580/802 700/3530/793 686/3581/124
f 689/3582/792 692/3583/741 693/3584/795
f 700/3530/793 698/3561/790 705/3585/801
f 688/3508/787 689/3520/792 701/3586/804
f 701/3587/804 702/3588/791 698/3589/790
f 689/3536/792 694/3535/796 701/3590/804
f 705/3573/801 782/3565/799 699/3567/800
f 703/3540/794 701/3591/804 695/3541/797
f 688/3592/787 701/3587/804 698/3589/790
f 701/3591/804 691/3593/740 695/3541/797
f 691/3594/740 701/3595/804 694/3596/796
f 691/3543/740 703/3597/794 693/3549/795
f 705/3573/801 704/3575/802 782/3565/799
f 690/3598/789 705/3599/801 698/3600/790
f 690/3601/789 700/3602/793 704/3603/802
f 708/3604/803 704/3580/802 686/3581/124
f 705/3585/801 702/3605/791 700/3530/793
f 700/3606/793 708/3607/803 699/3608/800
f 708/3609/803 700/3610/793 702/3611/791
f 701/3586/804 708/3609/803 702/3611/791
f 646/3612/739 697/3613/773 689/3614/792
f 646/3615/739 689/3616/792 696/3617/798
f 715/3618/805 710/3619/766 707/3620/58
f 707/3621/58 712/3622/806 715/3623/805
f 11/3392/34 706/3357/764 718/3624/807
f 806/3625/808 701/3586/804 703/3626/794
f 802/3627/809 701/3586/804 806/3625/808
f 685/3517/84 788/3516/785 787/3628/242
f 708/3609/803 701/3586/804 802/3627/809
f 15/3629/29 725/3630/27 710/3631/766
f 710/3631/766 711/3632/759 658/3633/754
f 717/3634/810 712/3635/806 714/3636/811
f 711/3632/759 712/3637/806 717/3638/810
f 711/3639/759 710/3640/766 714/3641/811
f 711/3632/759 713/3642/812 712/3637/806
f 714/3643/811 710/3644/766 717/3645/810
f 791/3053/236 752/3646/813 829/3054/704
f 711/3639/759 714/3641/811 713/3647/812
f 717/3648/810 715/3618/805 711/3356/759
f 706/3649/764 711/3356/759 715/3618/805
f 706/3649/764 715/3618/805 713/3650/812
f 715/3618/805 712/3651/806 713/3650/812
f 710/3619/766 715/3618/805 717/3648/810
f 713/3652/812 707/3653/58 706/3654/764
f 712/3622/806 707/3621/58 714/3655/811
f 714/3656/811 707/3653/58 713/3652/812
f 725/3657/27 707/3658/58 710/3659/766
f 716/3660/814 722/3661/55 725/3662/27
f 727/3663/815 722/3661/55 724/3664/816
f 722/3661/55 716/3660/814 724/3664/816
f 10/3665/59 727/3663/815 724/3664/816
f 722/3661/55 727/3663/815 24/3666/56
f 722/3667/55 25/3668/54 725/3669/27
f 725/3662/27 25/3670/54 707/3620/58
f 727/3663/815 10/3671/59 24/3666/56
f 787/645/242 128/3672/241 685/3517/84
f 718/3624/807 706/3673/764 707/3674/58
f 718/3624/807 707/3674/58 720/3675/817
f 724/3664/816 723/3676/818 10/3677/23
f 10/3678/23 723/3679/818 725/3680/27
f 737/3681/819 707/3682/58 721/3683/57
f 718/3624/807 720/3675/817 738/3684/820
f 723/3685/818 724/3686/816 716/3687/814
f 721/3688/57 720/3689/817 736/3690/821
f 720/3691/817 707/3692/58 736/3693/821
f 721/3688/57 834/3694/65 720/3689/817
f 725/3662/27 723/3676/818 716/3660/814
f 685/3695/84 128/3672/241 728/3696/88
f 729/3697/783 626/3698/708 835/3699/822
f 833/3700/731 835/3701/822 626/3702/708
f 729/3703/783 752/3704/813 791/582/236
f 730/3705/219 122/3706/455 352/3707/220
f 378/631/247 135/3708/248 731/565/221
f 766/3709/778 677/3710/780 135/3711/248
f 135/3712/248 677/3713/780 731/3714/221
f 677/3715/780 730/563/219 731/3716/221
f 57/2562/613 734/3717/178 508/2558/611
f 758/3718/823 766/3719/778 135/3708/248
f 732/3720/614 734/3721/178 86/435/173
f 677/3715/780 676/3722/743 730/563/219
f 733/3723/749 79/3724/174 508/3725/611
f 734/3726/178 733/3727/749 507/3728/290
f 734/3726/178 507/3728/290 79/3729/174
f 57/3287/613 292/1413/291 733/3288/749
f 733/3730/749 732/3731/614 507/3732/290
f 734/3733/178 732/3734/614 508/3735/611
f 508/3736/611 732/3731/614 733/3730/749
f 508/3737/611 79/3738/174 507/3739/290
f 78/3740/170 79/3741/174 47/3742/119
f 79/3743/174 733/3744/749 680/3745/121
f 680/3746/121 47/3747/119 79/396/174
f 834/3748/65 22/3749/45 739/3750/824
f 735/3751/44 11/3392/34 718/3624/807
f 735/3752/44 739/3753/824 22/3754/45
f 707/3682/58 737/3681/819 739/3755/824
f 737/3756/819 721/3757/57 736/3758/821
f 718/3624/807 739/3759/824 735/3751/44
f 737/3756/819 736/3758/821 738/3760/820
f 707/3692/58 738/3761/820 736/3693/821
f 737/3762/819 720/3763/817 834/3764/65
f 738/3765/820 720/3766/817 737/3767/819
f 718/3624/807 738/3684/820 739/3759/824
f 737/3768/819 834/3769/65 739/3770/824
f 791/582/236 792/3771/784 729/3703/783
f 739/3770/824 738/3761/820 707/3692/58
f 512/3772/249 741/3773/12 740/3774/20
f 512/3775/249 740/632/20 378/631/247
f 740/632/20 742/3776/100 135/633/248
f 818/3777/246 743/598/79 133/624/244
f 31/3778/80 743/598/79 818/3777/246
f 818/3779/246 816/3780/825 815/3781/826
f 820/3782/827 31/3783/80 818/3784/246
f 31/3783/80 808/3785/828 30/3786/78
f 815/3781/826 816/3780/825 820/3787/827
f 619/199/101 745/113/53 744/197/99
f 744/3788/99 686/3789/124 742/3790/100
f 744/3791/99 746/3792/788 686/3793/124
f 744/197/99 745/113/53 682/112/52
f 744/3794/99 682/3509/52 746/3511/788
f 749/3795/86 750/3796/735 632/3797/95
f 749/3798/86 747/3799/98 750/3800/735
f 747/3801/98 754/3802/733 750/3803/735
f 751/3241/734 750/3243/735 644/3804/736
f 835/3805/822 752/3806/813 729/3807/783
f 756/3808/738 644/3809/736 754/3810/733
f 653/3312/751 652/3301/752 121/3811/286
f 751/3244/734 756/3812/738 754/3239/733
f 644/3257/736 750/3813/735 754/3814/733
f 791/3053/236 3/11/7 755/3815/233
f 126/3816/234 755/3815/233 3/11/7
f 757/3817/123 758/3818/823 135/633/248
f 767/3819/120 758/3818/823 757/3817/123
f 686/3820/124 757/3821/123 742/3822/100
f 757/3817/123 765/3823/111 767/3819/120
f 757/3817/123 49/3824/122 759/3825/829
f 757/3817/123 759/3826/829 765/3823/111
f 742/3776/100 757/3817/123 135/633/248
f 760/3827/777 10/3828/70 756/3829/738
f 756/3830/738 753/3831/737 760/3832/777
f 125/3833/229 761/3834/231 755/3815/233
f 220/3835/279 764/3836/211 213/3837/218
f 123/1039/50 20/561/39 764/3838/211
f 124/3839/222 764/3840/211 762/3841/41
f 764/3842/211 160/3843/40 762/3844/41
f 764/3845/211 16/3846/37 21/3847/48
f 124/3848/222 762/3849/41 123/3850/50
f 764/3851/211 20/3852/39 16/3853/37
f 209/1018/212 214/3854/35 16/2587/37
f 16/83/37 663/82/33 159/3855/275
f 21/3856/48 16/760/37 19/94/42
f 159/3857/275 663/3858/33 214/3859/35
f 20/3860/39 215/3861/217 209/3862/212
f 20/3863/39 209/3864/212 21/3865/48
f 21/3866/48 209/553/212 764/552/211
f 810/3867/830 812/3868/223 23/3869/585
f 215/3870/217 213/3837/218 764/3836/211
f 769/3871/831 771/3872/832 10/3873/77
f 775/3874/117 779/3875/833 778/3876/834
f 765/3877/111 48/265/109 767/267/120
f 767/3878/120 680/3269/121 768/3268/745
f 767/3879/120 766/3880/778 758/3881/823
f 769/3882/831 10/3883/77 770/3884/835
f 766/3885/778 767/3886/120 768/3887/745
f 837/3888/836 777/3889/837 772/3890/838
f 777/3891/837 770/3884/835 772/3892/838
f 10/3893/77 773/3894/839 778/3876/834
f 772/3895/838 770/3896/835 10/3897/77
f 777/3891/837 776/3898/840 770/3884/835
f 772/3890/838 10/3893/77 778/3876/834
f 776/3899/840 771/3900/832 769/3882/831
f 777/3901/837 778/3902/834 773/3903/839
f 775/263/117 44/202/103 774/3904/841
f 769/3882/831 770/3884/835 776/3899/840
f 776/3899/840 708/3609/803 802/3627/809
f 771/3900/832 776/3899/840 802/3627/809
f 773/3905/839 836/3906/116 775/3907/117
f 708/3609/803 776/3899/840 780/3908/842
f 776/3898/840 777/3891/837 780/3908/842
f 779/3875/833 837/3888/836 772/3890/838
f 772/3890/838 778/3876/834 779/3875/833
f 837/3909/836 775/3910/117 778/3911/834
f 774/3904/841 780/3908/842 777/3891/837
f 778/3902/834 777/3901/837 837/3912/836
f 774/3904/841 779/3913/833 775/263/117
f 782/3914/799 704/3915/802 708/3609/803
f 44/202/103 37/204/73 780/3916/842
f 37/204/73 39/3917/112 780/3916/842
f 765/3877/111 780/3916/842 39/3917/112
f 780/3918/842 49/3919/122 708/3920/803
f 708/3920/803 49/3919/122 781/3921/843
f 780/3916/842 774/3904/841 44/202/103
f 783/3922/844 784/3923/845 708/3609/803
f 765/221/111 37/220/73 42/3924/113
f 785/3925/846 708/3926/803 784/3927/845
f 785/3925/846 782/3928/799 708/3926/803
f 783/3929/844 782/3930/799 784/3931/845
f 781/3932/843 785/3925/846 784/3927/845
f 782/3933/799 785/3934/846 786/3935/847
f 783/3936/844 708/3937/803 781/3938/843
f 786/3939/847 784/3931/845 782/3930/799
f 782/3914/799 783/3922/844 49/3940/122
f 785/3941/846 49/3942/122 783/3943/844
f 49/3944/122 785/3945/846 781/3946/843
f 765/3877/111 49/3947/122 780/3916/842
f 786/3948/847 783/3949/844 781/3950/843
f 786/3951/847 785/3941/846 783/3943/844
f 686/3952/124 782/3953/799 49/3954/122
f 786/3939/847 781/3955/843 784/3931/845
f 765/3877/111 759/3956/829 49/3940/122
f 793/3957/250 788/3958/785 3/3959/7
f 793/3960/250 787/3628/242 788/3516/785
f 787/3628/242 793/3960/250 140/643/9
f 789/3961/230 3/3962/7 788/3963/785
f 126/3964/234 3/3965/7 789/3961/230
f 788/3504/785 790/3966/781 789/580/230
f 795/3967/235 790/3494/781 794/802/288
f 790/3494/781 795/3968/235 789/3969/230
f 796/577/232 792/3771/784 791/582/236
f 792/3771/784 796/577/232 807/3499/782
f 795/581/235 796/3970/232 761/575/231
f 763/990/49 807/3499/782 796/577/232
f 172/3971/287 795/3972/235 794/802/288
f 172/3973/287 796/3974/232 795/3975/235
f 156/3976/266 438/3493/268 763/990/49
f 796/577/232 156/3977/266 763/990/49
f 172/3978/287 156/3976/266 796/577/232
f 10/3979/848 798/3980/849 797/3981/850
f 806/3982/808 10/3983/70 797/3984/851
f 669/3985/772 10/3986/70 800/3987/852
f 669/3988/772 800/3987/852 804/3989/775
f 800/3990/852 803/3991/853 804/3989/775
f 802/3627/809 10/3992/77 771/3900/832
f 797/3981/851 799/3993/854 806/3994/808
f 10/3995/70 806/3625/808 801/3996/855
f 799/3997/854 797/3998/851 10/3999/77
f 801/4000/855 806/3625/808 803/3991/853
f 806/3625/808 799/3997/854 802/3627/809
f 800/3990/852 10/4001/70 801/3996/855
f 801/3996/855 803/3991/853 800/3990/852
f 10/4002/77 802/3627/809 799/3997/854
f 806/3625/808 805/4003/774 803/3991/853
f 803/4004/853 805/3421/774 804/3423/775
f 805/4005/774 691/4006/740 646/4007/739
f 806/3625/808 703/3626/794 805/4003/774
f 703/4008/794 691/4009/740 805/4010/774
f 729/4011/783 807/4012/782 626/4013/708
f 685/4014/84 809/4015/856 808/4016/828
f 728/628/88 31/4017/80 809/4018/856
f 31/4019/80 728/4020/88 808/4021/828
f 810/4022/830 30/3786/78 808/3785/828
f 813/568/224 811/4023/89 30/4024/78
f 808/4025/828 809/4026/856 23/4027/585
f 808/4028/828 719/4029/82 685/4030/84
f 29/4031/83 30/4032/78 811/4033/89
f 813/4034/224 30/4035/78 810/4036/830
f 814/172/90 811/171/89 810/4037/830
f 812/2294/223 810/4037/830 811/171/89
f 814/4038/90 810/4039/830 808/4040/828
f 810/3867/830 23/3869/585 813/4041/224
f 681/1379/452 814/172/90 455/1377/420
f 23/2284/585 814/4042/90 808/3785/828
f 23/4043/585 459/4044/226 813/4034/224
f 812/4045/223 814/4046/90 23/4047/585
f 719/167/82 808/4048/828 728/168/88
f 685/4014/84 728/4049/88 809/4015/856
f 812/567/223 811/4023/89 813/568/224
f 809/4050/856 31/3783/80 819/4051/857
f 822/4052/770 818/4053/246 815/3781/826
f 816/4054/825 818/4055/246 817/4056/245
f 818/3784/246 809/4057/856 820/3782/827
f 820/3787/827 809/4058/856 815/3781/826
f 809/4059/856 819/4060/857 815/4061/826
f 822/4062/770 809/4063/856 818/4064/246
f 821/4065/129 816/4066/825 817/611/245
f 821/4065/129 817/611/245 127/4067/238
f 816/4068/825 822/3405/770 820/3782/827
f 820/3782/827 822/3405/770 819/4051/857
f 820/3782/827 819/4051/857 31/3783/80
f 822/3405/770 816/4068/825 821/280/129
f 819/4069/857 822/4070/770 815/4071/826
f 823/275/127 822/3405/770 821/280/129
f 823/275/127 824/4072/132 822/3405/770
f 828/4073/227 823/4074/127 827/4075/771
f 824/4076/132 823/4074/127 828/4073/227
f 825/4077/131 827/4075/771 823/4074/127
f 827/4078/771 826/4079/586 828/4080/227
f 827/3406/771 822/3405/770 824/4072/132
f 825/284/131 23/2284/585 827/3406/771
f 826/2285/586 23/2284/585 825/284/131
f 826/4081/586 827/4082/771 824/4083/132
f 809/4050/856 822/3405/770 23/2284/585
f 660/3291/750 33/4084/92 615/3292/91
f 830/3279/747 615/3278/91 829/4085/704
f 830/4086/747 829/4087/704 752/4088/813
f 830/4089/747 648/4090/72 647/4091/700
f 28/144/61 648/146/72 835/4092/822
f 835/4092/822 648/146/72 830/4093/747
f 835/4094/822 830/4095/747 752/4096/813
f 28/4097/61 838/4098/858 832/4099/62
f 838/4100/858 28/4101/61 835/4102/822
f 832/4103/62 838/4104/858 833/4105/731
f 831/4106/43 22/4107/45 832/4108/62
f 833/4109/731 838/4110/858 835/4111/822
f 832/4112/62 833/4113/731 831/4114/43
f 833/4115/731 643/4116/709 831/4117/43
f 773/4118/839 10/4119/77 836/255/116
f 775/4120/117 837/4121/836 773/4122/839
f 773/4123/839 837/4124/836 774/3904/841
f 837/4121/836 779/4125/833 774/4126/841
f 777/3891/837 773/4123/839 774/3904/841
